{
  "$schema": "https://raw.githubusercontent.com/etalab/format-commande-publique/master/schemas/json/paquet.json",
  "source": "data.gouv.fr_pes",
  "marches": [
    {
      "id": "201823900",
      "uid": "21974015600019201823900",
      "acheteur": {
        "id": "21974015600019",
        "nom": "BUDG.PRINC. VILLE DE SAINT PAUL"
      },
      "_type": "Marché",
      "nature": "Marché",
      "objet": "DEMOLIT ANCIENS LOGMT FONCT E ELEMENT GUILLAUME",
      "codeCPV": "45111100-9",
      "procedure": "Procédure adaptée",
      "lieuExecution": {
        "code": "97460",
        "typeCode": "Code postal",
        "nom": "SAINT PAUL"
      },
      "dureeMois": 3,
      "dateNotification": "2018-12-19+03:00",
      "datePublicationDonnees": "2019-01-18+03:00",
      "montant": 27200,
      "formePrix": "Ferme et actualisable",
      "titulaires": [
        {
          "typeIdentifiant": "SIRET",
          "id": "79019894900014",
          "denominationSociale": "SUD TERRASSEMENT"
        }
      ],
      "modifications": []
    },
    {
      "id": "201824000",
      "uid": "21974015600019201824000",
      "acheteur": {
        "id": "21974015600019",
        "nom": "BUDG.PRINC. VILLE DE SAINT PAUL"
      },
      "_type": "Marché",
      "nature": "Marché",
      "objet": "ETUDE PATRIMONIALE CENTRE VILLE",
      "codeCPV": "79311000-7",
      "procedure": "Procédure adaptée",
      "lieuExecution": {
        "code": "97460",
        "typeCode": "Code postal",
        "nom": "SAINT PAUL"
      },
      "dureeMois": 8,
      "dateNotification": "2018-12-20+03:00",
      "datePublicationDonnees": "2019-01-18+03:00",
      "montant": 61505,
      "formePrix": "Révisable",
      "titulaires": [
        {
          "typeIdentifiant": "SIRET",
          "id": "40056308600067",
          "denominationSociale": "AGENCE DECROCK BRUNO"
        },
        {
          "typeIdentifiant": "SIRET",
          "id": "83431014600016",
          "denominationSociale": "GUZMAN PETO GABRIELA ARCHITECT"
        },
        {
          "typeIdentifiant": "SIRET",
          "id": "83321421600016",
          "denominationSociale": "DE RAEVE LAURE ARCHITECTE"
        }
      ],
      "modifications": []
    },
    {
      "id": "201823700",
      "uid": "21974015600019201823700",
      "acheteur": {
        "id": "21974015600019",
        "nom": "BUDG.PRINC. VILLE DE SAINT PAUL"
      },
      "_type": "Marché",
      "nature": "Marché",
      "objet": "REFECTION CABLAGE INFO ET TELEPHONIQUE",
      "codeCPV": "32421000-0",
      "procedure": "Procédure adaptée",
      "lieuExecution": {
        "code": "97460",
        "typeCode": "Code postal",
        "nom": "SAINT PAUL"
      },
      "dureeMois": 6,
      "dateNotification": "2018-12-19+03:00",
      "datePublicationDonnees": "2019-01-18+03:00",
      "montant": 75993.3,
      "formePrix": "Révisable",
      "titulaires": [
        {
          "typeIdentifiant": "SIRET",
          "id": "47993818500036",
          "denominationSociale": "GTCOM GLOBAL TECHNIQUE COM"
        }
      ],
      "modifications": []
    }
  ]
}
