{
  "$schema": "https://raw.githubusercontent.com/etalab/format-commande-publique/master/schemas/json/paquet.json",
  "source": "data.gouv.fr_pes",
  "marches": [
    {
      "id": "2018J1160A00",
      "uid": "216901231000112018J1160A00",
      "acheteur": {
        "id": "21690123100011",
        "nom": "Ville de Lyon"
      },
      "_type": "Marché",
      "nature": "Accord-cadre",
      "objet": "Mise en place du Flux PES marchés sur le logiciel LIA WEB",
      "codeCPV": "48000000-8",
      "procedure": "Marché négocié sans publicité ni mise en concurrence préalable",
      "lieuExecution": {
        "code": "69123",
        "typeCode": "Code commune",
        "nom": "A Lyon"
      },
      "dureeMois": 15,
      "dateNotification": "2018-10-22+02:00",
      "datePublicationDonnees": "2018-12-18+01:00",
      "montant": 120000,
      "formePrix": "Ferme",
      "titulaires": [
        {
          "typeIdentifiant": "SIRET",
          "id": "75086744200030",
          "denominationSociale": "ORDIGES FRANCE"
        }
      ],
      "modifications": []
    },
    {
      "id": "2018J1151A00",
      "uid": "216901231000112018J1151A00",
      "acheteur": {
        "id": "21690123100011",
        "nom": "Ville de Lyon"
      },
      "_type": "Marché",
      "nature": "Accord-cadre",
      "objet": "Fourniture de luminaires spécifiques nécessaires au maintien des installations d'éclairage du plan lumière de la Ville de Lyon - Projecteurs à Leds et pièces détachées adaptables LEC",
      "codeCPV": "31518100-1",
      "procedure": "Appel d'offres ouvert",
      "lieuExecution": {
        "code": "69123",
        "typeCode": "Code commune",
        "nom": "A Lyon"
      },
      "dureeMois": 48,
      "dateNotification": "2018-10-15+02:00",
      "datePublicationDonnees": "2018-12-18+01:00",
      "montant": 84970,
      "formePrix": "Révisable",
      "titulaires": [
        {
          "typeIdentifiant": "SIRET",
          "id": "39330413400041",
          "denominationSociale": "LEC Lyon"
        }
      ],
      "modifications": []
    },
    {
      "id": "2018J1215A00",
      "uid": "216901231000112018J1215A00",
      "acheteur": {
        "id": "21690123100011",
        "nom": "Ville de Lyon"
      },
      "_type": "Marché",
      "nature": "Accord-cadre",
      "objet": "Conception du graphisme et suivi de fabrication des documents de communication du  Musée de l'Imprimerie et de la Communication graphique.",
      "codeCPV": "79822500-7",
      "procedure": "Procédure adaptée",
      "lieuExecution": {
        "code": "69123",
        "typeCode": "Code commune",
        "nom": "A Lyon"
      },
      "dureeMois": 36,
      "dateNotification": "2018-10-01+02:00",
      "datePublicationDonnees": "2018-12-18+01:00",
      "montant": 75000,
      "formePrix": "Révisable",
      "titulaires": [
        {
          "typeIdentifiant": "SIRET",
          "id": "52258043000026",
          "denominationSociale": "BUREAU 205"
        }
      ],
      "modifications": []
    },
    {
      "id": "2018J1148A00",
      "uid": "216901231000112018J1148A00",
      "acheteur": {
        "id": "21690123100011",
        "nom": "Ville de Lyon"
      },
      "_type": "Marché",
      "nature": "Accord-cadre",
      "objet": "Fourniture de luminaires spécifiques nécessaires au maintien des installations d'éclairage du plan lumière de la Ville de Lyon - Appareils florescents étanches et pièces détachées",
      "codeCPV": "31518100-1",
      "procedure": "Appel d'offres ouvert",
      "lieuExecution": {
        "code": "69123",
        "typeCode": "Code commune",
        "nom": "A Lyon"
      },
      "dureeMois": 48,
      "dateNotification": "2018-10-15+02:00",
      "datePublicationDonnees": "2018-12-18+01:00",
      "montant": 148080,
      "formePrix": "Révisable",
      "titulaires": [
        {
          "typeIdentifiant": "SIRET",
          "id": "39294346000031",
          "denominationSociale": "RIDI FRANCE"
        }
      ],
      "modifications": []
    },
    {
      "id": "2018J1150A00",
      "uid": "216901231000112018J1150A00",
      "acheteur": {
        "id": "21690123100011",
        "nom": "Ville de Lyon"
      },
      "_type": "Marché",
      "nature": "Accord-cadre",
      "objet": "Fourniture de luminaires spécifiques nécessaires au maintien des installations d'éclairage du plan lumière de la Ville de Lyon - Lanternes d?ambiance lumineuse et pièces détachées adaptable",
      "codeCPV": "31518100-1",
      "procedure": "Appel d'offres ouvert",
      "lieuExecution": {
        "code": "69123",
        "typeCode": "Code commune",
        "nom": "A Lyon"
      },
      "dureeMois": 48,
      "dateNotification": "2018-10-15+02:00",
      "datePublicationDonnees": "2018-12-18+01:00",
      "montant": 154670,
      "formePrix": "Révisable",
      "titulaires": [
        {
          "typeIdentifiant": "SIRET",
          "id": "34223547000040",
          "denominationSociale": "SELUX"
        }
      ],
      "modifications": []
    },
    {
      "id": "2018J0999A00",
      "uid": "216901231000112018J0999A00",
      "acheteur": {
        "id": "21690123100011",
        "nom": "Ville de Lyon"
      },
      "_type": "Marché",
      "nature": "Accord-cadre",
      "objet": "Elimination des DTQD municipaux (Déchets toxiques en quantités dispersées)",
      "codeCPV": "90523000-9",
      "procedure": "Appel d'offres ouvert",
      "lieuExecution": {
        "code": "69123",
        "typeCode": "Code commune",
        "nom": "A Lyon"
      },
      "dureeMois": 48,
      "dateNotification": "2018-10-16+02:00",
      "datePublicationDonnees": "2018-12-18+01:00",
      "montant": 90000,
      "formePrix": "Révisable",
      "titulaires": [
        {
          "typeIdentifiant": "SIRET",
          "id": "32623391300028",
          "denominationSociale": "SERPOL "
        }
      ],
      "modifications": []
    },
    {
      "id": "2018J1134A00",
      "uid": "216901231000112018J1134A00",
      "acheteur": {
        "id": "21690123100011",
        "nom": "Ville de Lyon"
      },
      "_type": "Marché",
      "nature": "Accord-cadre",
      "objet": "Diagnostic de la qualité de l?air intérieur des établissements recevant du public (ERP) prioritaires de la ville de Lyon.",
      "codeCPV": "90731100-1",
      "procedure": "Appel d'offres ouvert",
      "lieuExecution": {
        "code": "69123",
        "typeCode": "Code commune",
        "nom": "A Lyon"
      },
      "dureeMois": 24,
      "dateNotification": "2018-10-19+02:00",
      "datePublicationDonnees": "2018-12-18+01:00",
      "montant": 120000,
      "formePrix": "Révisable",
      "titulaires": [
        {
          "typeIdentifiant": "SIRET",
          "id": "80277536100016",
          "denominationSociale": "ABIOLAB-ASPOSAN "
        }
      ],
      "modifications": []
    },
    {
      "id": "2018J1079A00",
      "uid": "216901231000112018J1079A00",
      "acheteur": {
        "id": "21690123100011",
        "nom": "Ville de Lyon"
      },
      "_type": "Marché",
      "nature": "Accord-cadre",
      "objet": "Accord-cadre pour l'acquisition de véhicules de tourisme",
      "codeCPV": "34100000-8",
      "procedure": "Appel d'offres ouvert",
      "lieuExecution": {
        "code": "69123",
        "typeCode": "Code commune",
        "nom": "A Lyon"
      },
      "dureeMois": 48,
      "dateNotification": "2018-10-19+02:00",
      "datePublicationDonnees": "2018-12-18+01:00",
      "montant": 1100000,
      "formePrix": "Révisable",
      "titulaires": [
        {
          "typeIdentifiant": "SIRET",
          "id": "31221230100476",
          "denominationSociale": "RENAULT RETAIL GROUP LYON"
        }
      ],
      "modifications": []
    },
    {
      "id": "2018J1242A00",
      "uid": "216901231000112018J1242A00",
      "acheteur": {
        "id": "21690123100011",
        "nom": "Ville de Lyon"
      },
      "_type": "Marché",
      "nature": "Accord-cadre",
      "objet": "Location de véhicules et engins - Lot 3 - location de nacelles élévatrices",
      "codeCPV": "42410000-3",
      "procedure": "Appel d'offres ouvert",
      "lieuExecution": {
        "code": "69123",
        "typeCode": "Code commune",
        "nom": "A Lyon"
      },
      "dureeMois": 48,
      "dateNotification": "2018-12-11+01:00",
      "datePublicationDonnees": "2018-12-18+01:00",
      "montant": 108000,
      "formePrix": "Révisable",
      "titulaires": [
        {
          "typeIdentifiant": "SIRET",
          "id": "31768606102965",
          "denominationSociale": "KILOUTOU"
        }
      ],
      "modifications": []
    },
    {
      "id": "2018J1243A00",
      "uid": "216901231000112018J1243A00",
      "acheteur": {
        "id": "21690123100011",
        "nom": "Ville de Lyon"
      },
      "_type": "Marché",
      "nature": "Accord-cadre",
      "objet": "Location de véhicules et engins - Lot 4 - location d'engins techniques",
      "codeCPV": "42410000-3",
      "procedure": "Appel d'offres ouvert",
      "lieuExecution": {
        "code": "69123",
        "typeCode": "Code commune",
        "nom": "A Lyon"
      },
      "dureeMois": 48,
      "dateNotification": "2018-12-11+01:00",
      "datePublicationDonnees": "2018-12-18+01:00",
      "montant": 144000,
      "formePrix": "Révisable",
      "titulaires": [
        {
          "typeIdentifiant": "SIRET",
          "id": "31768606102965",
          "denominationSociale": "KILOUTOU"
        }
      ],
      "modifications": []
    },
    {
      "id": "2018J144500",
      "uid": "216901231000112018J144500",
      "acheteur": {
        "id": "21690123100011",
        "nom": "Ville de Lyon"
      },
      "_type": "Marché",
      "nature": "Marché",
      "objet": "Concert Star Wars Live in concert épisode IV",
      "codeCPV": "92320000-0",
      "procedure": "Marché négocié sans publicité ni mise en concurrence préalable",
      "lieuExecution": {
        "code": "69123",
        "typeCode": "Code commune",
        "nom": "A Lyon"
      },
      "dureeMois": 12,
      "dateNotification": "2018-11-27+01:00",
      "datePublicationDonnees": "2018-12-18+01:00",
      "montant": 100000,
      "formePrix": "Ferme",
      "titulaires": [
        {
          "typeIdentifiant": "HORS-UE",
          "id": "USCOLUMBIAARTISTSM",
          "denominationSociale": "COLUMBIA ARTISTS MANAGEMENT"
        }
      ],
      "modifications": []
    },
    {
      "id": "2018J1240A00",
      "uid": "216901231000112018J1240A00",
      "acheteur": {
        "id": "21690123100011",
        "nom": "Ville de Lyon"
      },
      "_type": "Marché",
      "nature": "Accord-cadre",
      "objet": "Location de véhicules et engins - Lot 1 - véhicules poids lourds",
      "codeCPV": "34140000-0",
      "procedure": "Appel d'offres ouvert",
      "lieuExecution": {
        "code": "69123",
        "typeCode": "Code commune",
        "nom": "A Lyon"
      },
      "dureeMois": 48,
      "dateNotification": "2018-12-12+01:00",
      "datePublicationDonnees": "2018-12-18+01:00",
      "montant": 140000,
      "formePrix": "Révisable",
      "titulaires": [
        {
          "typeIdentifiant": "SIRET",
          "id": "35185673700041",
          "denominationSociale": "BFT LOCATION"
        }
      ],
      "modifications": []
    }
  ]
}
