{
  "$schema": "https://raw.githubusercontent.com/etalab/format-commande-publique/master/schemas/json/paquet.json",
  "source": "data.gouv.fr_pes",
  "marches": [
    {
      "id": "2019ASSPERS00",
      "uid": "256601501000322019ASSPERS00",
      "acheteur": {
        "id": "25660150100032",
        "nom": "SYDETOM 66"
      },
      "_type": "Marché",
      "nature": "Marché",
      "objet": "ASSURANCE DU PERSONNEL 2019-2020",
      "codeCPV": "66510000-1",
      "procedure": "Procédure adaptée",
      "lieuExecution": {
        "code": "66351",
        "typeCode": "Code postal",
        "nom": "Toulouges"
      },
      "dureeMois": 24,
      "dateNotification": "2019-01-10+01:00",
      "datePublicationDonnees": "2019-01-15+01:00",
      "montant": 61638,
      "formePrix": "Ferme",
      "titulaires": [
        {
          "typeIdentifiant": "SIRET",
          "id": "34173706200024",
          "denominationSociale": "CNP GESTION SOFCAP"
        }
      ],
      "modifications": []
    }
  ]
}
