{
  "$schema": "https://raw.githubusercontent.com/etalab/format-commande-publique/master/schemas/json/paquet.json",
  "source": "data.gouv.fr_pes",
  "marches": [
    {
      "id": "201818M11100",
      "uid": "28310001400028201818M11100",
      "acheteur": {
        "id": "28310001400028",
        "nom": "Budget Principal"
      },
      "_type": "Marché",
      "nature": "Marché",
      "objet": "CONSTRUCTION CIS VILLEFRANCHE LOT 15 RELANCE CLOTURES PORTAILS",
      "codeCPV": "45340000-2",
      "procedure": "Procédure adaptée",
      "lieuExecution": {
        "code": "31582",
        "typeCode": "Code commune",
        "nom": "VILLEFRANCHE DE LAURAGAIS"
      },
      "dureeMois": 7,
      "dateNotification": "2018-12-03+01:00",
      "datePublicationDonnees": "2018-12-11+01:00",
      "montant": 47967.5,
      "formePrix": "Révisable",
      "titulaires": [
        {
          "typeIdentifiant": "SIRET",
          "id": "79008488300061",
          "denominationSociale": "DIRICKX ESPACE CLOTURE SUD OUEST"
        }
      ],
      "modifications": []
    }
  ]
}
