{
  "$schema": "https://raw.githubusercontent.com/etalab/format-commande-publique/master/schemas/json/paquet.json",
  "source": "data.gouv.fr_pes",
  "marches": [
    {
      "id": "2018611800",
      "uid": "219300787000132018611800",
      "acheteur": {
        "id": "21930078700013",
        "nom": "COMMUNE VILLEPINTE BUDGET PRIN"
      },
      "_type": "Marché",
      "nature": "Marché",
      "objet": "MONETIQUE ET GESTION DES ACCES AU CENTRE NAUTIQUE AGNES BERAUDIAS",
      "codeCPV": "42961100-1",
      "procedure": "Procédure adaptée",
      "lieuExecution": {
        "code": "93078",
        "typeCode": "Code commune",
        "nom": "VILLEPINTE"
      },
      "dureeMois": 1,
      "dateNotification": "2018-12-18+01:00",
      "datePublicationDonnees": "2018-10-08+02:00",
      "montant": 41805,
      "formePrix": "Ferme",
      "titulaires": [
        {
          "typeIdentifiant": "SIRET",
          "id": "40300535800052",
          "denominationSociale": "ELISATH"
        }
      ],
      "modifications": []
    }
  ]
}
