{
  "$schema": "https://raw.githubusercontent.com/etalab/format-commande-publique/master/schemas/json/paquet.json",
  "source": "data.gouv.fr_pes",
  "marches": [
    {
      "id": "201918A11700",
      "uid": "28310001400028201918A11700",
      "acheteur": {
        "id": "28310001400028",
        "nom": "Budget Principal"
      },
      "_type": "Marché",
      "nature": "Marché",
      "objet": "3 CHASSIS VEHICULE SECOURS  VICTIME PLANCHER CABINE LOT 5",
      "codeCPV": "34139000-0",
      "procedure": "Appel d'offres ouvert",
      "lieuExecution": {
        "code": "31149",
        "typeCode": "Code commune",
        "nom": "COLOMIERS"
      },
      "dureeMois": 6,
      "dateNotification": "2018-12-18+01:00",
      "datePublicationDonnees": "2019-01-28+01:00",
      "montant": 54985.05,
      "formePrix": "Ferme",
      "titulaires": [
        {
          "typeIdentifiant": "SIRET",
          "id": "31221230100716",
          "denominationSociale": "RENAULT RETAIL GROUP TOULOUSE"
        }
      ],
      "modifications": []
    }
  ]
}
