{
  "$schema": "https://raw.githubusercontent.com/etalab/format-commande-publique/master/schemas/json/paquet.json",
  "source": "data.gouv.fr_pes",
  "marches": [
    {
      "id": "20180110100",
      "uid": "2195048830001420180110100",
      "acheteur": {
        "id": "21950488300014",
        "nom": "COMMUNE DE PIERRELAYE 2027"
      },
      "_type": "Marché",
      "nature": "Marché",
      "objet": "Dommages aux biens",
      "codeCPV": "66510000-8",
      "procedure": "Appel d'offres ouvert",
      "lieuExecution": {
        "code": "95480",
        "typeCode": "Code postal",
        "nom": "PIERRELAYE"
      },
      "dureeMois": 48,
      "dateNotification": "2018-12-12+01:00",
      "datePublicationDonnees": "2019-01-16+01:00",
      "montant": 49647.6,
      "formePrix": "Révisable",
      "titulaires": [
        {
          "typeIdentifiant": "SIRET",
          "id": "30130960500410",
          "denominationSociale": "SMACL"
        }
      ],
      "modifications": []
    }
  ]
}
