{
  "$schema": "https://raw.githubusercontent.com/etalab/format-commande-publique/master/schemas/json/paquet.json",
  "source": "data.gouv.fr_pes",
  "marches": [
    {
      "id": "2018J1232A00",
      "uid": "216901231000112018J1232A00",
      "acheteur": {
        "id": "21690123100011",
        "nom": "Ville de Lyon"
      },
      "_type": "Marché",
      "nature": "Accord-cadre",
      "objet": "Contrôle et maintenance des dispositifs anti-retour DGTB",
      "codeCPV": "50800000-3",
      "procedure": "Appel d'offres ouvert",
      "lieuExecution": {
        "code": "69123",
        "typeCode": "Code commune",
        "nom": "A Lyon"
      },
      "dureeMois": 48,
      "dateNotification": "2018-11-05+01:00",
      "datePublicationDonnees": "2019-01-04+01:00",
      "montant": 240000,
      "formePrix": "Révisable",
      "titulaires": [
        {
          "typeIdentifiant": "SIRET",
          "id": "56207750300794",
          "denominationSociale": "SADE-CIE GLE TRAVAUX HYDRAULIQUE"
        }
      ],
      "modifications": []
    },
    {
      "id": "2018J1210A00",
      "uid": "216901231000112018J1210A00",
      "acheteur": {
        "id": "21690123100011",
        "nom": "Ville de Lyon"
      },
      "_type": "Marché",
      "nature": "Accord-cadre",
      "objet": "Rénovation de l'éclairage public du quartier de Montchat",
      "codeCPV": "34993000-4",
      "procedure": "Procédure adaptée",
      "lieuExecution": {
        "code": "69123",
        "typeCode": "Code commune",
        "nom": "A Lyon"
      },
      "dureeMois": 48,
      "dateNotification": "2018-11-09+01:00",
      "datePublicationDonnees": "2019-01-04+01:00",
      "montant": 2300000,
      "formePrix": "Révisable",
      "titulaires": [
        {
          "typeIdentifiant": "SIRET",
          "id": "95850628900023",
          "denominationSociale": "SERPOLLET "
        }
      ],
      "modifications": []
    },
    {
      "id": "2018J1261A00",
      "uid": "216901231000112018J1261A00",
      "acheteur": {
        "id": "21690123100011",
        "nom": "Ville de Lyon"
      },
      "_type": "Marché",
      "nature": "Accord-cadre",
      "objet": "Formation à l'hygiène et à l'entretien des locaux sportifs pour la Ville de Lyon",
      "codeCPV": "80511000-9",
      "procedure": "Procédure adaptée",
      "lieuExecution": {
        "code": "69123",
        "typeCode": "Code commune",
        "nom": "A Lyon"
      },
      "dureeMois": 48,
      "dateNotification": "2018-10-29+01:00",
      "datePublicationDonnees": "2019-01-04+01:00",
      "montant": 80000,
      "formePrix": "Révisable",
      "titulaires": [
        {
          "typeIdentifiant": "SIRET",
          "id": "39397362300035",
          "denominationSociale": "ABC HYGIENE"
        }
      ],
      "modifications": []
    },
    {
      "id": "2018J1231A00",
      "uid": "216901231000112018J1231A00",
      "acheteur": {
        "id": "21690123100011",
        "nom": "Ville de Lyon"
      },
      "_type": "Marché",
      "nature": "Accord-cadre",
      "objet": "Contrôle et maintenance des dispositifs anti-retour Espaces Verts",
      "codeCPV": "50800000-3",
      "procedure": "Appel d'offres ouvert",
      "lieuExecution": {
        "code": "69123",
        "typeCode": "Code commune",
        "nom": "A Lyon"
      },
      "dureeMois": 48,
      "dateNotification": "2018-11-05+01:00",
      "datePublicationDonnees": "2019-01-04+01:00",
      "montant": 240000,
      "formePrix": "Révisable",
      "titulaires": [
        {
          "typeIdentifiant": "SIRET",
          "id": "56207750300794",
          "denominationSociale": "SADE-CIE GLE TRAVAUX HYDRAULIQUE"
        }
      ],
      "modifications": []
    },
    {
      "id": "2018J1233A00",
      "uid": "216901231000112018J1233A00",
      "acheteur": {
        "id": "21690123100011",
        "nom": "Ville de Lyon"
      },
      "_type": "Marché",
      "nature": "Accord-cadre",
      "objet": "Contrôle et maintenance des dispositifs anti-retour Cadre de Vie",
      "codeCPV": "50800000-3",
      "procedure": "Appel d'offres ouvert",
      "lieuExecution": {
        "code": "69123",
        "typeCode": "Code commune",
        "nom": "A Lyon"
      },
      "dureeMois": 48,
      "dateNotification": "2018-11-06+01:00",
      "datePublicationDonnees": "2019-01-04+01:00",
      "montant": 60000,
      "formePrix": "Révisable",
      "titulaires": [
        {
          "typeIdentifiant": "SIRET",
          "id": "56207750300794",
          "denominationSociale": "SADE-CIE GLE TRAVAUX HYDRAULIQUE"
        }
      ],
      "modifications": []
    },
    {
      "id": "2018J183300",
      "uid": "216901231000112018J183300",
      "acheteur": {
        "id": "21690123100011",
        "nom": "Ville de Lyon"
      },
      "_type": "Marché",
      "nature": "Marché",
      "objet": "Achat du spectacle LE DERNIER METRO - Théâtre des Célestins",
      "codeCPV": "79952100-3",
      "procedure": "Marché négocié sans publicité ni mise en concurrence préalable",
      "lieuExecution": {
        "code": "69123",
        "typeCode": "Code commune",
        "nom": "Lyon"
      },
      "dureeMois": 6,
      "dateNotification": "2018-10-29+01:00",
      "datePublicationDonnees": "2019-01-04+01:00",
      "montant": 72571.6,
      "formePrix": "Ferme",
      "titulaires": [
        {
          "typeIdentifiant": "HORS-UE",
          "id": "CHCIESTTDORIANROSS",
          "denominationSociale": "Cie STT - DORIAN ROSSEL"
        }
      ],
      "modifications": []
    },
    {
      "id": "2018J136100",
      "uid": "216901231000112018J136100",
      "acheteur": {
        "id": "21690123100011",
        "nom": "Ville de Lyon"
      },
      "_type": "Marché",
      "nature": "Marché",
      "objet": "Achat spectacle DSO BERLIN - NOUVEAU MONDE - Auditorium le 25 novembre 2018",
      "codeCPV": "92320000-0",
      "procedure": "Marché négocié sans publicité ni mise en concurrence préalable",
      "lieuExecution": {
        "code": "69123",
        "typeCode": "Code commune",
        "nom": "Lyon"
      },
      "dureeMois": 4,
      "dateNotification": "2018-12-03+01:00",
      "datePublicationDonnees": "2019-01-04+01:00",
      "montant": 55000,
      "formePrix": "Ferme",
      "titulaires": [
        {
          "typeIdentifiant": "TVA",
          "id": "DE185100646",
          "denominationSociale": "AGENCE KONZERTDIREKTION SCHMID"
        }
      ],
      "modifications": []
    }
  ]
}
