{
  "$schema": "https://raw.githubusercontent.com/etalab/format-commande-publique/master/schemas/json/paquet.json",
  "source": "data.gouv.fr_pes",
  "marches": [
    {
      "id": "2018N030000",
      "uid": "200063402000162018N030000",
      "acheteur": {
        "id": "20006340200016",
        "nom": "MAIRIE ANNECY BUDGET PRINCIPAL"
      },
      "_type": "Marché",
      "nature": "Accord-cadre",
      "objet": "CONCEPTION, DEVELOPPEMENT, HEBERGEMENT ET MAINTENANCE DU SITE INTERNET DE LA VILLE",
      "codeCPV": "48200000-0",
      "procedure": "Procédure adaptée",
      "lieuExecution": {
        "code": "74000",
        "typeCode": "Code commune",
        "nom": "ANNECY"
      },
      "dureeMois": 48,
      "dateNotification": "2018-12-11+01:00",
      "datePublicationDonnees": "2018-12-20+01:00",
      "montant": 220000,
      "formePrix": "Révisable",
      "titulaires": [
        {
          "typeIdentifiant": "SIRET",
          "id": "38219879400044",
          "denominationSociale": "BUSINESS DECISION  INTERACTIVE EOLAS"
        }
      ],
      "modifications": []
    }
  ]
}
