{
  "$schema": "https://raw.githubusercontent.com/etalab/format-commande-publique/master/schemas/json/paquet.json",
  "source": "data.gouv.fr_pes",
  "marches": [
    {
      "id": "201831400",
      "uid": "28590001500055201831400",
      "acheteur": {
        "id": "28590001500055",
        "nom": "SDIS DU NORD - BUDGET PRINCIPA"
      },
      "_type": "Marché",
      "nature": "Accord-cadre",
      "objet": "MAINTENANCE FONCTIONNELLE - LOT 4B - PORTES DE REMISE ET PORTAILS - SECTEUR DE DOUAI CAMBRAI",
      "codeCPV": "50700000-2",
      "procedure": "Appel d'offres ouvert",
      "lieuExecution": {
        "code": "59",
        "typeCode": "Code département",
        "nom": "DEPARTEMENT DU NORD"
      },
      "dureeMois": 61,
      "dateNotification": "2018-12-20+01:00",
      "datePublicationDonnees": "2019-01-09+01:00",
      "montant": 37000,
      "formePrix": "Ferme",
      "titulaires": [
        {
          "typeIdentifiant": "SIRET",
          "id": "40748392400145",
          "denominationSociale": "SMF SERVICES"
        }
      ],
      "modifications": []
    },
    {
      "id": "201831300",
      "uid": "28590001500055201831300",
      "acheteur": {
        "id": "28590001500055",
        "nom": "SDIS DU NORD - BUDGET PRINCIPA"
      },
      "_type": "Marché",
      "nature": "Accord-cadre",
      "objet": "MAINTENANCE FONCTIONNELLE - LOT 3B - PORTES DE REMISE ET PORTAILS - SECTEUR DE VALENCIENNES AVESNES",
      "codeCPV": "50700000-2",
      "procedure": "Appel d'offres ouvert",
      "lieuExecution": {
        "code": "59",
        "typeCode": "Code département",
        "nom": "DEPARTEMENT DU NORD"
      },
      "dureeMois": 61,
      "dateNotification": "2018-12-20+01:00",
      "datePublicationDonnees": "2019-01-09+01:00",
      "montant": 71000,
      "formePrix": "Ferme",
      "titulaires": [
        {
          "typeIdentifiant": "SIRET",
          "id": "40748392400145",
          "denominationSociale": "SMF SERVICES"
        }
      ],
      "modifications": []
    },
    {
      "id": "201831000",
      "uid": "28590001500055201831000",
      "acheteur": {
        "id": "28590001500055",
        "nom": "SDIS DU NORD - BUDGET PRINCIPA"
      },
      "_type": "Marché",
      "nature": "Accord-cadre",
      "objet": "MAINTENANCE FONCTIONNELLE - LOT 4A - MULTITECHNIQUE SECTEUR DE DOUAI CAMBRAI",
      "codeCPV": "50700000-2",
      "procedure": "Appel d'offres ouvert",
      "lieuExecution": {
        "code": "59",
        "typeCode": "Code département",
        "nom": "DEPARTEMENT DU NORD"
      },
      "dureeMois": 61,
      "dateNotification": "2018-12-19+01:00",
      "datePublicationDonnees": "2019-01-09+01:00",
      "montant": 95000,
      "formePrix": "Ferme",
      "titulaires": [
        {
          "typeIdentifiant": "SIRET",
          "id": "55204695503377",
          "denominationSociale": "ENGIE ENERGIE SERVICES"
        }
      ],
      "modifications": []
    },
    {
      "id": "201830900",
      "uid": "28590001500055201830900",
      "acheteur": {
        "id": "28590001500055",
        "nom": "SDIS DU NORD - BUDGET PRINCIPA"
      },
      "_type": "Marché",
      "nature": "Accord-cadre",
      "objet": "MAINTENANCE FONCTIONNELLE - LOT 3A - MULTITECHNIQUE - SECTEUR DE VALENCIENNES AVESNES",
      "codeCPV": "50700000-2",
      "procedure": "Appel d'offres ouvert",
      "lieuExecution": {
        "code": "59",
        "typeCode": "Code département",
        "nom": "DEPARTEMENT DU NORD"
      },
      "dureeMois": 61,
      "dateNotification": "2018-12-19+01:00",
      "datePublicationDonnees": "2019-01-09+01:00",
      "montant": 188000,
      "formePrix": "Ferme",
      "titulaires": [
        {
          "typeIdentifiant": "SIRET",
          "id": "55204695503377",
          "denominationSociale": "ENGIE ENERGIE SERVICES"
        }
      ],
      "modifications": []
    },
    {
      "id": "201831200",
      "uid": "28590001500055201831200",
      "acheteur": {
        "id": "28590001500055",
        "nom": "SDIS DU NORD - BUDGET PRINCIPA"
      },
      "_type": "Marché",
      "nature": "Accord-cadre",
      "objet": "MAINTENANCE FONCTIONNELLE - LOT 2B - PORTES DE REMISE ET PORTAILS - SECTEUR DE LILLE",
      "codeCPV": "50700000-2",
      "procedure": "Appel d'offres ouvert",
      "lieuExecution": {
        "code": "59",
        "typeCode": "Code département",
        "nom": "DEPARTEMENT DU NORD"
      },
      "dureeMois": 61,
      "dateNotification": "2018-12-20+01:00",
      "datePublicationDonnees": "2019-01-09+01:00",
      "montant": 83000,
      "formePrix": "Ferme",
      "titulaires": [
        {
          "typeIdentifiant": "SIRET",
          "id": "40748392400145",
          "denominationSociale": "SMF SERVICES"
        }
      ],
      "modifications": []
    },
    {
      "id": "201830700",
      "uid": "28590001500055201830700",
      "acheteur": {
        "id": "28590001500055",
        "nom": "SDIS DU NORD - BUDGET PRINCIPA"
      },
      "_type": "Marché",
      "nature": "Accord-cadre",
      "objet": "MAINTENANCE FONCTIONNELLE - LOT 1A - MULTITECHNIQUE - SECTEUR DE DUNKERQUE",
      "codeCPV": "50700000-2",
      "procedure": "Appel d'offres ouvert",
      "lieuExecution": {
        "code": "59",
        "typeCode": "Code département",
        "nom": "DEPARTEMENT DU NORD"
      },
      "dureeMois": 61,
      "dateNotification": "2018-12-18+01:00",
      "datePublicationDonnees": "2019-01-09+01:00",
      "montant": 163000,
      "formePrix": "Ferme",
      "titulaires": [
        {
          "typeIdentifiant": "SIRET",
          "id": "45650053700018",
          "denominationSociale": "DALKIA FRANCE"
        }
      ],
      "modifications": []
    },
    {
      "id": "201831100",
      "uid": "28590001500055201831100",
      "acheteur": {
        "id": "28590001500055",
        "nom": "SDIS DU NORD - BUDGET PRINCIPA"
      },
      "_type": "Marché",
      "nature": "Accord-cadre",
      "objet": "MAINTENANCE FONCTIONNELLE - LOT 1B - PORTES DE REMISE ET PORTAILS - SECTEUR DUNKERQUE",
      "codeCPV": "50700000-2",
      "procedure": "Appel d'offres ouvert",
      "lieuExecution": {
        "code": "59",
        "typeCode": "Code département",
        "nom": "DEPARTEMENT DU NORD"
      },
      "dureeMois": 61,
      "dateNotification": "2018-12-20+01:00",
      "datePublicationDonnees": "2019-01-09+01:00",
      "montant": 60000,
      "formePrix": "Ferme",
      "titulaires": [
        {
          "typeIdentifiant": "SIRET",
          "id": "40748392400145",
          "denominationSociale": "SMF SERVICES"
        }
      ],
      "modifications": []
    },
    {
      "id": "201830800",
      "uid": "28590001500055201830800",
      "acheteur": {
        "id": "28590001500055",
        "nom": "SDIS DU NORD - BUDGET PRINCIPA"
      },
      "_type": "Marché",
      "nature": "Accord-cadre",
      "objet": "MAINTENANCE FONCTIONNELLE - LOT 2A - MULTITECHNIQUE - SECTEUR DE LILLE",
      "codeCPV": "50700000-2",
      "procedure": "Appel d'offres ouvert",
      "lieuExecution": {
        "code": "59",
        "typeCode": "Code département",
        "nom": "DEPARTEMENT DU NORD"
      },
      "dureeMois": 61,
      "dateNotification": "2018-12-18+01:00",
      "datePublicationDonnees": "2019-01-09+01:00",
      "montant": 539000,
      "formePrix": "Ferme",
      "titulaires": [
        {
          "typeIdentifiant": "SIRET",
          "id": "32066101000241",
          "denominationSociale": "SEMERU SAS"
        },
        {
          "typeIdentifiant": "SIRET",
          "id": "38949278600014",
          "denominationSociale": "DELANNOY DEWAILLY"
        }
      ],
      "modifications": []
    }
  ]
}
