{
  "$schema": "https://raw.githubusercontent.com/etalab/format-commande-publique/master/schemas/json/paquet.json",
  "source": "data.gouv.fr_pes",
  "marches": [
    {
      "id": "20192018-1600",
      "uid": "2145015530021520192018-1600",
      "acheteur": {
        "id": "21450155300215",
        "nom": "MAIRIE DE GIEN"
      },
      "_type": "Marché",
      "nature": "Marché",
      "objet": "MISSION DE MAITRISE OEUVRE RESTAURATION MAISON DES ALIX",
      "codeCPV": "71000000-8",
      "procedure": "Procédure adaptée",
      "lieuExecution": {
        "code": "45503",
        "typeCode": "Code postal",
        "nom": "Gien"
      },
      "dureeMois": 12,
      "dateNotification": "2019-01-15+01:00",
      "datePublicationDonnees": "2019-01-22+01:00",
      "montant": 56000,
      "formePrix": "Ferme et actualisable",
      "titulaires": [
        {
          "typeIdentifiant": "SIRET",
          "id": "79054725100021",
          "denominationSociale": "TAILLANDIER LAURENT"
        },
        {
          "typeIdentifiant": "SIRET",
          "id": "49413796100053",
          "denominationSociale": "BRIZOT MASSE INGENIERIE sarl"
        },
        {
          "typeIdentifiant": "SIRET",
          "id": "45216730700019",
          "denominationSociale": "MARTIN REGIS"
        }
      ],
      "modifications": []
    }
  ]
}
