{
  "$schema": "https://raw.githubusercontent.com/etalab/format-commande-publique/master/schemas/json/paquet.json",
  "source": "data.gouv.fr_pes",
  "marches": [
    {
      "id": "2018C18081",
      "uid": "200071678000112018C18081",
      "acheteur": {
        "id": "20007167800011",
        "nom": "AGGLOMERATION DU CHOLETAIS"
      },
      "_type": "Marché",
      "nature": "Marché",
      "objet": "LOT 2 PEINTURE EXTERIEURE - RENOVATION DES FACADES DE L AEROGARE DE CHOLET",
      "codeCPV": "45442110-1",
      "procedure": "Procédure adaptée",
      "lieuExecution": {
        "code": "49321",
        "typeCode": "Code postal",
        "nom": "CHOLET CEDEX"
      },
      "dureeMois": 3,
      "dateNotification": "2018-10-20+02:00",
      "datePublicationDonnees": "2018-11-05+01:00",
      "montant": 29600,
      "formePrix": "Révisable",
      "titulaires": [
        {
          "typeIdentifiant": "SIRET",
          "id": "49146798100016",
          "denominationSociale": "PAILLAT NORBERT"
        }
      ],
      "modifications": []
    },
    {
      "id": "2018C18080",
      "uid": "200071678000112018C18080",
      "acheteur": {
        "id": "20007167800011",
        "nom": "AGGLOMERATION DU CHOLETAIS"
      },
      "_type": "Marché",
      "nature": "Marché",
      "objet": "LOT 1  MACONNERIE FACADES - RENOVATION DES FACADES DE L AEROGARE DE CHOLET",
      "codeCPV": "45262522-6",
      "procedure": "Procédure adaptée",
      "lieuExecution": {
        "code": "49321",
        "typeCode": "Code postal",
        "nom": "CHOLET CEDEX"
      },
      "dureeMois": 3,
      "dateNotification": "2018-10-22+02:00",
      "datePublicationDonnees": "2018-11-05+01:00",
      "montant": 37765,
      "formePrix": "Révisable",
      "titulaires": [
        {
          "typeIdentifiant": "SIRET",
          "id": "48786865500027",
          "denominationSociale": "BEQUET DANIEL SARL"
        }
      ],
      "modifications": []
    }
  ]
}
