{
  "$schema": "https://raw.githubusercontent.com/etalab/format-commande-publique/master/schemas/json/paquet.json",
  "source": "data.gouv.fr_pes",
  "marches": [
    {
      "id": "2018JCL3100",
      "uid": "216901231000112018JCL3100",
      "acheteur": {
        "id": "21690123100011",
        "nom": "Ville de Lyon"
      },
      "_type": "Marché",
      "nature": "Marché",
      "objet": "Coproduction du spectacle J'ai pris mon père sur mes épaules",
      "codeCPV": "92500000-6",
      "procedure": "Marché négocié sans publicité ni mise en concurrence préalable",
      "lieuExecution": {
        "code": "69123",
        "typeCode": "Code commune",
        "nom": "A Lyon"
      },
      "dureeMois": 6,
      "dateNotification": "2018-10-05+02:00",
      "datePublicationDonnees": "2018-12-19+01:00",
      "montant": 30000,
      "formePrix": "Ferme",
      "titulaires": [
        {
          "typeIdentifiant": "SIRET",
          "id": "58450437700022",
          "denominationSociale": "La Comédie de Saint-Etienne"
        }
      ],
      "modifications": []
    }
  ]
}
