{
  "$schema": "https://raw.githubusercontent.com/etalab/format-commande-publique/master/schemas/json/paquet.json",
  "source": "data.gouv.fr_pes",
  "marches": [
    {
      "id": "2018TEST00",
      "uid": "244900809001162018TEST00",
      "acheteur": {
        "id": "24490080900116",
        "nom": "ANJOU BLEU COMMUNAUTE"
      },
      "_type": "Marché",
      "nature": "Marché",
      "objet": "TEST",
      "codeCPV": "71000000-8",
      "procedure": "Procédure adaptée",
      "lieuExecution": {
        "code": "49500",
        "typeCode": "Code postal",
        "nom": "SEGRE EN ANJOU BLEU"
      },
      "dureeMois": 25,
      "dateNotification": "2018-01-17+01:00",
      "datePublicationDonnees": "2018-09-16+02:00",
      "montant": 115642,
      "formePrix": "Ferme",
      "titulaires": [
        {
          "typeIdentifiant": "SIRET",
          "id": "34508145900330",
          "denominationSociale": "SCE AMENAGEMENT"
        }
      ],
      "modifications": []
    }
  ]
}
