{
  "$schema": "https://raw.githubusercontent.com/etalab/format-commande-publique/master/schemas/json/paquet.json",
  "source": "data.gouv.fr_pes",
  "marches": [
    {
      "id": "2018J1208A",
      "uid": "216901231000112018J1208A",
      "acheteur": {
        "id": "21690123100011",
        "nom": "Ville de Lyon"
      },
      "_type": "Marché",
      "nature": "Accord-cadre",
      "objet": "Fourniture de produits d'entretien pour les services de la Ville de Lyon-Marché réservé",
      "codeCPV": "39812100-8",
      "procedure": "Procédure adaptée",
      "lieuExecution": {
        "code": "69123",
        "typeCode": "Code commune",
        "nom": "A Lyon"
      },
      "dureeMois": 24,
      "dateNotification": "2018-10-17+02:00",
      "datePublicationDonnees": "2018-11-21+01:00",
      "montant": 100000,
      "formePrix": "Révisable",
      "titulaires": [
        {
          "typeIdentifiant": "SIRET",
          "id": "83034348900019",
          "denominationSociale": "ENTREPRISE ADAPTÉE LA RUCHE"
        }
      ],
      "modifications": []
    },
    {
      "id": "2018J1281U",
      "uid": "216901231000112018J1281U",
      "acheteur": {
        "id": "21690123100011",
        "nom": "Ville de Lyon"
      },
      "_type": "Marché",
      "nature": "Marché subséquent",
      "objet": "Acquisition d'un petit polybenne",
      "codeCPV": "34140000-0",
      "procedure": "Appel d'offres ouvert",
      "lieuExecution": {
        "code": "69123",
        "typeCode": "Code commune",
        "nom": "A Lyon"
      },
      "dureeMois": 12,
      "dateNotification": "2018-11-05+01:00",
      "datePublicationDonnees": "2018-11-21+01:00",
      "montant": 78675.63,
      "formePrix": "Ferme et actualisable",
      "titulaires": [
        {
          "typeIdentifiant": "SIRET",
          "id": "33931560800051",
          "denominationSociale": "IVECO LVI"
        }
      ],
      "modifications": []
    },
    {
      "id": "2018JDC03",
      "uid": "216901231000112018JDC03",
      "acheteur": {
        "id": "21690123100011",
        "nom": "Ville de Lyon"
      },
      "_type": "Marché",
      "nature": "Marché",
      "objet": "Parc de la Tête d'Or - Création d'un accès provisoire",
      "codeCPV": "45262522-6",
      "procedure": "Procédure adaptée",
      "lieuExecution": {
        "code": "69123",
        "typeCode": "Code commune",
        "nom": "A Lyon"
      },
      "dureeMois": 1,
      "dateNotification": "2018-10-31+01:00",
      "datePublicationDonnees": "2018-11-21+01:00",
      "montant": 34363,
      "formePrix": "Ferme et actualisable",
      "titulaires": [
        {
          "typeIdentifiant": "SIRET",
          "id": "88575052100035",
          "denominationSociale": "COMTE SAS"
        }
      ],
      "modifications": []
    }
  ]
}
