{
  "$schema": "https://raw.githubusercontent.com/etalab/format-commande-publique/master/schemas/json/paquet.json",
  "source": "data.gouv.fr_pes",
  "marches": [
    {
      "id": "2018179",
      "uid": "285900015000552018179",
      "acheteur": {
        "id": "28590001500055",
        "nom": "SDIS DU NORD - BUDGET PRINCIPA"
      },
      "_type": "Marché",
      "nature": "Accord-cadre",
      "objet": "FOURNITURE DE CARBURANTS EN STATION ET PRESTATIONS ANNEXES A L AIDE DE CARTES ACCREDITIVES",
      "codeCPV": "30163100-0",
      "procedure": "Appel d'offres ouvert",
      "lieuExecution": {
        "code": "59",
        "typeCode": "Code département",
        "nom": "DEPARTEMENT DU NORD"
      },
      "dureeMois": 48,
      "dateNotification": "2018-11-09+01:00",
      "datePublicationDonnees": "2018-11-12+01:00",
      "montant": 2000000,
      "formePrix": "Ferme",
      "titulaires": [
        {
          "typeIdentifiant": "SIRET",
          "id": "53168044500024",
          "denominationSociale": "TOTAL MARKETING FRANCE"
        }
      ],
      "modifications": []
    },
    {
      "id": "2018191",
      "uid": "285900015000552018191",
      "acheteur": {
        "id": "28590001500055",
        "nom": "SDIS DU NORD - BUDGET PRINCIPA"
      },
      "_type": "Marché",
      "nature": "Accord-cadre",
      "objet": "FOURNITURE DE CARBURANTS ET COMBUSTIBLES EN VRAC",
      "codeCPV": "09130000-9",
      "procedure": "Appel d'offres ouvert",
      "lieuExecution": {
        "code": "59",
        "typeCode": "Code département",
        "nom": "DEPARTEMENT DU NORD"
      },
      "dureeMois": 48,
      "dateNotification": "2018-10-08+02:00",
      "datePublicationDonnees": "2018-11-12+01:00",
      "montant": 960000,
      "formePrix": "Ferme",
      "titulaires": [
        {
          "typeIdentifiant": "SIRET",
          "id": "45750383701833",
          "denominationSociale": "DMS DCA MORY SHIPP SNC"
        }
      ],
      "modifications": []
    },
    {
      "id": "2018178",
      "uid": "285900015000552018178",
      "acheteur": {
        "id": "28590001500055",
        "nom": "SDIS DU NORD - BUDGET PRINCIPA"
      },
      "_type": "Marché",
      "nature": "Accord-cadre",
      "objet": "FOURNITURE DE CARBURANTS EN STATION ET PRESTATIONS ANNEXES A L AIDE DE CARTES ACCREDITIVES",
      "codeCPV": "30163100-0",
      "procedure": "Appel d'offres ouvert",
      "lieuExecution": {
        "code": "59",
        "typeCode": "Code département",
        "nom": "DEPARTEMENT DU NORD"
      },
      "dureeMois": 48,
      "dateNotification": "2018-11-09+01:00",
      "datePublicationDonnees": "2018-11-12+01:00",
      "montant": 200000,
      "formePrix": "Ferme",
      "titulaires": [
        {
          "typeIdentifiant": "SIRET",
          "id": "78013017514035",
          "denominationSociale": "SOCIETE DES PETROLES SHELL"
        }
      ],
      "modifications": []
    }
  ]
}
