{
  "$schema": "https://raw.githubusercontent.com/etalab/format-commande-publique/master/schemas/json/paquet.json",
  "source": "data.gouv.fr_pes",
  "marches": [
    {
      "id": "20181600",
      "uid": "2802000150014520181600",
      "acheteur": {
        "id": "28020001500145",
        "nom": "SERVICE DÉPART. INCENDIE  SECOURS AISN"
      },
      "_type": "Marché",
      "nature": "Marché",
      "objet": "PRESTATIONS NETTOYAGE POUR LES BESOINS DU SDIS 02",
      "codeCPV": "90910000-9",
      "procedure": "Appel d'offres ouvert",
      "lieuExecution": {
        "code": "02007",
        "typeCode": "Code postal",
        "nom": "LAON"
      },
      "dureeMois": 48,
      "dateNotification": "2018-12-03+01:00",
      "datePublicationDonnees": "2019-01-30+01:00",
      "montant": 560334,
      "formePrix": "Ferme",
      "titulaires": [
        {
          "typeIdentifiant": "SIRET",
          "id": "44166700300061",
          "denominationSociale": "AGENOR PICARDIE CHAMPAGNE"
        }
      ],
      "modifications": []
    }
  ]
}
