{
  "$schema": "https://raw.githubusercontent.com/etalab/format-commande-publique/master/schemas/json/paquet.json",
  "source": "data.gouv.fr_pes",
  "marches": [
    {
      "id": "201920171801700",
      "uid": "24450021100127201920171801700",
      "acheteur": {
        "id": "24450021100127",
        "nom": "COMMUNAUTE DES COMMUNES GIENNOISES"
      },
      "_type": "Marché",
      "nature": "Marché",
      "objet": "FOURNITURE POLYMERES POUR STEP CDCG",
      "codeCPV": "24300000-7",
      "procedure": "Procédure adaptée",
      "lieuExecution": {
        "code": "45503",
        "typeCode": "Code postal",
        "nom": "Gien"
      },
      "dureeMois": 36,
      "dateNotification": "2018-12-17+01:00",
      "datePublicationDonnees": "2019-01-17+01:00",
      "montant": 75000,
      "formePrix": "Ferme et actualisable",
      "titulaires": [
        {
          "typeIdentifiant": "SIRET",
          "id": "35222625200034",
          "denominationSociale": "ADIPAP SAS"
        }
      ],
      "modifications": []
    }
  ]
}
