{
  "$schema": "https://raw.githubusercontent.com/etalab/format-commande-publique/master/schemas/json/paquet.json",
  "source": "data.gouv.fr_pes",
  "marches": [
    {
      "id": "201822500",
      "uid": "21974015600019201822500",
      "acheteur": {
        "id": "21974015600019",
        "nom": "BUDG.PRINC. VILLE DE SAINT PAUL"
      },
      "_type": "Marché",
      "nature": "Marché",
      "objet": "RENOVATION SOL INT 2 SALLES POLYVALENTES",
      "codeCPV": "45432130-4",
      "procedure": "Procédure adaptée",
      "lieuExecution": {
        "code": "97460",
        "typeCode": "Code postal",
        "nom": "SAINT PAUL"
      },
      "dureeMois": 6,
      "dateNotification": "2018-11-13+03:00",
      "datePublicationDonnees": "2019-01-11+03:00",
      "montant": 39500,
      "formePrix": "Révisable",
      "titulaires": [
        {
          "typeIdentifiant": "SIRET",
          "id": "33237206900085",
          "denominationSociale": "KD ENTREPRISE EIRL"
        }
      ],
      "modifications": []
    }
  ]
}
