{
  "$schema": "https://raw.githubusercontent.com/etalab/format-commande-publique/master/schemas/json/paquet.json",
  "source": "data.gouv.fr_pes",
  "marches": [
    {
      "id": "201824300",
      "uid": "28590001500055201824300",
      "acheteur": {
        "id": "28590001500055",
        "nom": "SDIS DU NORD - BUDGET PRINCIPA"
      },
      "_type": "Marché",
      "nature": "Accord-cadre",
      "objet": "ACQUISITION MISE EN OEUVRE ET MAINTENANCE D UN OUTIL DE GESTION DU TEMPS DE TRAVAIL",
      "codeCPV": "48450000-7",
      "procedure": "Procédure adaptée",
      "lieuExecution": {
        "code": "59",
        "typeCode": "Code département",
        "nom": "DEPARTEMENT DU NORD"
      },
      "dureeMois": 48,
      "dateNotification": "2018-12-19+01:00",
      "datePublicationDonnees": "2018-12-21+01:00",
      "montant": 208000,
      "formePrix": "Ferme",
      "titulaires": [
        {
          "typeIdentifiant": "SIRET",
          "id": "48263776600023",
          "denominationSociale": "PRETEXX"
        }
      ],
      "modifications": []
    }
  ]
}
