{
  "$schema": "https://raw.githubusercontent.com/etalab/format-commande-publique/master/schemas/json/paquet.json",
  "source": "data.gouv.fr_pes",
  "marches": [
    {
      "id": "2018160",
      "uid": "285900015000552018160",
      "acheteur": {
        "id": "28590001500055",
        "nom": "SDIS DU NORD - BUDGET PRINCIPA"
      },
      "_type": "Marché",
      "nature": "Marché",
      "objet": "ACQUISITION D UNE ECHELLE PIVOTANTE A MOUVEMENTS COMBINES DE CLASSE 30",
      "codeCPV": "34144200-0",
      "procedure": "Appel d'offres ouvert",
      "lieuExecution": {
        "code": "59",
        "typeCode": "Code département",
        "nom": "DEPARTEMENT DU NORD"
      },
      "dureeMois": 24,
      "dateNotification": "2018-10-08+02:00",
      "datePublicationDonnees": "2018-10-12+02:00",
      "montant": 510900,
      "formePrix": "Ferme",
      "titulaires": [
        {
          "typeIdentifiant": "SIRET",
          "id": "77565371000050",
          "denominationSociale": "MAGIRUS CAMIVA"
        }
      ],
      "modifications": []
    },
    {
      "id": "2018166",
      "uid": "285900015000552018166",
      "acheteur": {
        "id": "28590001500055",
        "nom": "SDIS DU NORD - BUDGET PRINCIPA"
      },
      "_type": "Marché",
      "nature": "Accord-cadre",
      "objet": "ACQUISITION ET MAINTENANCE DE MOTOPOMPES D'EPUISEMENT ET DE MATERIEL D'ASSECHEMENT",
      "codeCPV": "42122110-4",
      "procedure": "Procédure adaptée",
      "lieuExecution": {
        "code": "59",
        "typeCode": "Code département",
        "nom": "DEPARTEMENT DU NORD"
      },
      "dureeMois": 48,
      "dateNotification": "2018-10-08+02:00",
      "datePublicationDonnees": "2018-10-11+02:00",
      "montant": 160000,
      "formePrix": "Ferme",
      "titulaires": [
        {
          "typeIdentifiant": "SIRET",
          "id": "07150193600067",
          "denominationSociale": "GALLIN SA MONTLUEL"
        }
      ],
      "modifications": []
    },
    {
      "id": "2018167",
      "uid": "285900015000552018167",
      "acheteur": {
        "id": "28590001500055",
        "nom": "SDIS DU NORD - BUDGET PRINCIPA"
      },
      "_type": "Marché",
      "nature": "Accord-cadre",
      "objet": "ACQUISITION ET MAINTENANCE DE MATERIELS DE FORCEMENT ET DEBLAIEMENT",
      "codeCPV": "35112000-2",
      "procedure": "Procédure adaptée",
      "lieuExecution": {
        "code": "59",
        "typeCode": "Code département",
        "nom": "DEPARTEMENT DU NORD"
      },
      "dureeMois": 48,
      "dateNotification": "2018-10-08+02:00",
      "datePublicationDonnees": "2018-10-11+02:00",
      "montant": 180000,
      "formePrix": "Ferme",
      "titulaires": [
        {
          "typeIdentifiant": "SIRET",
          "id": "07150193600042",
          "denominationSociale": "GALLIN SA MONTLUEL"
        }
      ],
      "modifications": []
    }
  ]
}
