{
  "$schema": "https://raw.githubusercontent.com/etalab/format-commande-publique/master/schemas/json/paquet.json",
  "source": "data.gouv.fr_pes",
  "marches": [
    {
      "id": "201920190100",
      "uid": "21440036800012201920190100",
      "acheteur": {
        "id": "21440036800012",
        "nom": "VILLE DE CHATEAUBRIANT"
      },
      "_type": "Marché",
      "nature": "Accord-cadre",
      "objet": "SERVICES DE TELECOMMUNICATIONS RELATIFS A LA TELEPHONIE FIXE ET MOBILE",
      "codeCPV": "64200000-8",
      "procedure": "Procédure adaptée",
      "lieuExecution": {
        "code": "44146",
        "typeCode": "Code postal",
        "nom": "CHATEAUBRIANT CEDEX"
      },
      "dureeMois": 48,
      "dateNotification": "2019-01-01+01:00",
      "datePublicationDonnees": "2019-01-16+01:00",
      "montant": 180000,
      "formePrix": "Révisable",
      "titulaires": [
        {
          "typeIdentifiant": "SIRET",
          "id": "34305956400959",
          "denominationSociale": "SFR"
        }
      ],
      "modifications": []
    },
    {
      "id": "201820181800",
      "uid": "21440036800012201820181800",
      "acheteur": {
        "id": "21440036800012",
        "nom": "VILLE DE CHATEAUBRIANT"
      },
      "_type": "Marché",
      "nature": "Accord-cadre",
      "objet": "FOURNITURES DE PAPIERS REPROGRAPHIE IMPRESSIONS",
      "codeCPV": "30197643-5",
      "procedure": "Procédure adaptée",
      "lieuExecution": {
        "code": "44146",
        "typeCode": "Code postal",
        "nom": "CHATEAUBRIANT CEDEX"
      },
      "dureeMois": 48,
      "dateNotification": "2018-12-20+01:00",
      "datePublicationDonnees": "2019-01-16+01:00",
      "montant": 60000,
      "formePrix": "Révisable",
      "titulaires": [
        {
          "typeIdentifiant": "SIRET",
          "id": "51863668300014",
          "denominationSociale": "BLS IMPRESSION BUROLIKE"
        }
      ],
      "modifications": []
    }
  ]
}
