{
  "$schema": "https://raw.githubusercontent.com/etalab/format-commande-publique/master/schemas/json/paquet.json",
  "source": "data.gouv.fr_pes",
  "marches": [
    {
      "id": "2018J1187A00",
      "uid": "216901231000112018J1187A00",
      "acheteur": {
        "id": "21690123100011",
        "nom": "Ville de Lyon"
      },
      "_type": "Marché",
      "nature": "Accord-cadre",
      "objet": "Prestations de traiteur sans service LOT 1",
      "codeCPV": "55520000-1",
      "procedure": "Procédure adaptée",
      "lieuExecution": {
        "code": "69123",
        "typeCode": "Code commune",
        "nom": "A Lyon"
      },
      "dureeMois": 48,
      "dateNotification": "2018-11-09+01:00",
      "datePublicationDonnees": "2019-01-08+01:00",
      "montant": 340000,
      "formePrix": "Révisable",
      "titulaires": [
        {
          "typeIdentifiant": "SIRET",
          "id": "30593300400395",
          "denominationSociale": "ASSOCIATION MESSIDOR"
        }
      ],
      "modifications": []
    }
  ]
}
