{
  "$schema": "https://raw.githubusercontent.com/etalab/format-commande-publique/master/schemas/json/paquet.json",
  "source": "data.gouv.fr_pes",
  "marches": [
    {
      "id": "20182018-1600",
      "uid": "2144003680001220182018-1600",
      "acheteur": {
        "id": "21440036800012",
        "nom": "VILLE DE CHATEAUBRIANT"
      },
      "_type": "Marché",
      "nature": "Marché",
      "objet": "AMENAGEMENTS PAYSAGERS ZAD NORD GRANDE ALLEE",
      "codeCPV": "45112500-0",
      "procedure": "Procédure adaptée",
      "lieuExecution": {
        "code": "44146",
        "typeCode": "Code postal",
        "nom": "CHATEAUBRIANT CEDEX"
      },
      "dureeMois": 24,
      "dateNotification": "2018-11-22+01:00",
      "datePublicationDonnees": "2019-01-08+01:00",
      "montant": 99451.91,
      "formePrix": "Révisable",
      "titulaires": [
        {
          "typeIdentifiant": "SIRET",
          "id": "39221050600029",
          "denominationSociale": "ALTHEA NOVA"
        }
      ],
      "modifications": []
    }
  ]
}
