{
  "$schema": "https://raw.githubusercontent.com/etalab/format-commande-publique/master/schemas/json/paquet.json",
  "source": "data.gouv.fr_pes",
  "marches": [
    {
      "id": "2018201700",
      "uid": "219740156000192018201700",
      "acheteur": {
        "id": "21974015600019",
        "nom": "BUDG.PRINC. VILLE DE SAINT PAUL"
      },
      "_type": "Marché",
      "nature": "Marché",
      "objet": "E JASMIN ROBERT REVETEMENT DUR SOLS SOUPLES  - E JASMIN ROBERT REVETEMENT DUR SOLS SOUPLES",
      "codeCPV": "45210000-2",
      "procedure": "Procédure adaptée",
      "lieuExecution": {
        "code": "97460",
        "typeCode": "Code postal",
        "nom": "SAINT PAUL"
      },
      "dureeMois": 12,
      "dateNotification": "2018-11-06+03:00",
      "datePublicationDonnees": "2018-12-27+03:00",
      "montant": 40071.6,
      "formePrix": "Révisable",
      "titulaires": [
        {
          "typeIdentifiant": "SIRET",
          "id": "52830623600019",
          "denominationSociale": "SRAB"
        }
      ],
      "modifications": []
    },
    {
      "id": "2018200600",
      "uid": "219740156000192018200600",
      "acheteur": {
        "id": "21974015600019",
        "nom": "BUDG.PRINC. VILLE DE SAINT PAUL"
      },
      "_type": "Marché",
      "nature": "Marché",
      "objet": "EC JASMIN ROBERT FAUX PLAFOND CLOISON PORTES BOIS - EC JASMIN ROBERT FAUX PLAFOND CLOISON PORTES BOIS",
      "codeCPV": "45210000-2",
      "procedure": "Procédure adaptée",
      "lieuExecution": {
        "code": "97460",
        "typeCode": "Code postal",
        "nom": "SAINT PAUL"
      },
      "dureeMois": 12,
      "dateNotification": "2018-11-05+03:00",
      "datePublicationDonnees": "2018-12-27+03:00",
      "montant": 56368.65,
      "formePrix": "Révisable",
      "titulaires": [
        {
          "typeIdentifiant": "SIRET",
          "id": "82766446700012",
          "denominationSociale": "C2PR"
        }
      ],
      "modifications": []
    },
    {
      "id": "2018203900",
      "uid": "219740156000192018203900",
      "acheteur": {
        "id": "21974015600019",
        "nom": "BUDG.PRINC. VILLE DE SAINT PAUL"
      },
      "_type": "Marché",
      "nature": "Marché",
      "objet": "ECOLE JASMIN ROBERT ELECTRICITE - ECOLE JASMIN ROBERT ELECTRICITE",
      "codeCPV": "45210000-2",
      "procedure": "Procédure adaptée",
      "lieuExecution": {
        "code": "97460",
        "typeCode": "Code postal",
        "nom": "SAINT PAUL"
      },
      "dureeMois": 12,
      "dateNotification": "2018-11-05+03:00",
      "datePublicationDonnees": "2018-12-27+03:00",
      "montant": 49106.49,
      "formePrix": "Révisable",
      "titulaires": [
        {
          "typeIdentifiant": "SIRET",
          "id": "75240485500013",
          "denominationSociale": "HERMES ENERGIES"
        }
      ],
      "modifications": []
    }
  ]
}
