{
  "$schema": "https://raw.githubusercontent.com/etalab/format-commande-publique/master/schemas/json/paquet.json",
  "source": "data.gouv.fr_pes",
  "marches": [
    {
      "id": "2018-001500",
      "uid": "244100798002182018-001500",
      "acheteur": {
        "id": "24410079800218",
        "nom": "COMMUNAUTE DE COMMUNES DU GRAND CHAMBO"
      },
      "_type": "Marché",
      "nature": "Marché",
      "objet": "MISSION DE SUIVI-ANIMATION POUR LA MISE EN OEUVRE D'UNE SECONDE OPAH SUR LE TERRITOIRE DU GRAND CHAMBORD",
      "codeCPV": "71300000-1",
      "procedure": "Appel d'offres ouvert",
      "lieuExecution": {
        "code": "41250",
        "typeCode": "Code postal",
        "nom": "Bracieux"
      },
      "dureeMois": 60,
      "dateNotification": "2019-01-11+01:00",
      "datePublicationDonnees": "2019-01-22+01:00",
      "montant": 344025,
      "formePrix": "Révisable",
      "titulaires": [
        {
          "typeIdentifiant": "SIRET",
          "id": "30265758000114",
          "denominationSociale": "SOLIHA LOIR ET CHER"
        }
      ],
      "modifications": []
    }
  ]
}
