{
  "$schema": "https://raw.githubusercontent.com/etalab/format-commande-publique/master/schemas/json/paquet.json",
  "source": "data.gouv.fr_pes",
  "marches": [
    {
      "id": "2018000000000500",
      "uid": "244900809001162018000000000500",
      "acheteur": {
        "id": "24490080900116",
        "nom": "ANJOU BLEU COMMUNAUTE"
      },
      "_type": "Marché",
      "nature": "Marché",
      "objet": "Etudes préalables à l'exercice de la compétence EU-EP",
      "codeCPV": "71300000-1",
      "procedure": "Appel d'offres ouvert",
      "lieuExecution": {
        "code": "49500",
        "typeCode": "Code postal",
        "nom": "SEGRE"
      },
      "dureeMois": 14,
      "dateNotification": "2018-08-05+02:00",
      "datePublicationDonnees": "2019-01-24+01:00",
      "montant": 718474,
      "formePrix": "Ferme",
      "titulaires": [
        {
          "typeIdentifiant": "SIRET",
          "id": "45368696600111",
          "denominationSociale": "ALTEREO-OREE"
        },
        {
          "typeIdentifiant": "SIRET",
          "id": "77572641707266",
          "denominationSociale": "KPMG EXPERTISE ET CONSEIL"
        },
        {
          "typeIdentifiant": "SIRET",
          "id": "49337803800258",
          "denominationSociale": "EGIS EAU"
        },
        {
          "typeIdentifiant": "SIRET",
          "id": "81073616500012",
          "denominationSociale": "OG ETUDES & CONSEILS"
        },
        {
          "typeIdentifiant": "SIRET",
          "id": "34404064700028",
          "denominationSociale": "CVS"
        }
      ],
      "modifications": []
    }
  ]
}
