{
  "$schema": "https://raw.githubusercontent.com/etalab/format-commande-publique/master/schemas/json/paquet.json",
  "source": "data.gouv.fr_pes",
  "marches": [
    {
      "id": "2018tet01",
      "uid": "213500515000192018tet01",
      "acheteur": {
        "id": "21350051500019",
        "nom": "Ville de Cesson-Sévigné"
      },
      "_type": "Marché",
      "nature": "Marché",
      "objet": "marché pes test",
      "codeCPV": "14820000-5",
      "procedure": "Procédure adaptée",
      "lieuExecution": {
        "code": "35517",
        "typeCode": "Code postal",
        "nom": "CESSON SEVIGNE CEDEX"
      },
      "dureeMois": 12,
      "dateNotification": "2018-10-15+02:00",
      "datePublicationDonnees": "2018-10-18+02:00",
      "montant": 30000,
      "formePrix": "Ferme",
      "titulaires": [
        {
          "typeIdentifiant": "SIRET",
          "id": "75580064600373",
          "denominationSociale": "BERGER LEVRAULT"
        }
      ],
      "modifications": []
    }
  ]
}
