{
  "$schema": "https://raw.githubusercontent.com/etalab/format-commande-publique/master/schemas/json/paquet.json",
  "source": "data.gouv.fr_pes",
  "marches": [
    {
      "id": "20182018-2700",
      "uid": "2149006310001820182018-2700",
      "acheteur": {
        "id": "21490063100018",
        "nom": "Ville de Chalonnes sur Loire"
      },
      "_type": "Marché",
      "nature": "Marché",
      "objet": "VRD 2018",
      "codeCPV": "45233252-0",
      "procedure": "Procédure adaptée",
      "lieuExecution": {
        "code": "49290",
        "typeCode": "Code postal",
        "nom": "CHALONNES SUR LOIRE"
      },
      "dureeMois": 24,
      "dateNotification": "2018-10-24+02:00",
      "datePublicationDonnees": "2018-12-17+01:00",
      "montant": 83789.77,
      "formePrix": "Révisable",
      "titulaires": [
        {
          "typeIdentifiant": "SIRET",
          "id": "06320027300025",
          "denominationSociale": "COURANT SA"
        }
      ],
      "modifications": []
    }
  ]
}
