{
  "$schema": "https://raw.githubusercontent.com/etalab/format-commande-publique/master/schemas/json/paquet.json",
  "source": "data.gouv.fr_pes",
  "marches": [
    {
      "id": "20181810200",
      "uid": "2111006980001120181810200",
      "acheteur": {
        "id": "21110069800011",
        "nom": "COMMUNE DE CARCASSONNE"
      },
      "_type": "Marché",
      "nature": "Accord-cadre",
      "objet": "Fourniture de chèques d'accompagnement personnalisé",
      "codeCPV": "30199770-8",
      "procedure": "Procédure adaptée",
      "lieuExecution": {
        "code": "11000",
        "typeCode": "Code postal",
        "nom": "CARCASSONNE"
      },
      "dureeMois": 48,
      "dateNotification": "2018-12-14+01:00",
      "datePublicationDonnees": "2018-12-13+01:00",
      "montant": 80000,
      "formePrix": "Révisable",
      "titulaires": [
        {
          "typeIdentifiant": "SIRET",
          "id": "39336513500358",
          "denominationSociale": "EDENRED FRANCE"
        }
      ],
      "modifications": []
    }
  ]
}
