{
  "$schema": "https://raw.githubusercontent.com/etalab/format-commande-publique/master/schemas/json/paquet.json",
  "source": "data.gouv.fr_pes",
  "marches": [
    {
      "id": "201823800",
      "uid": "21974015600019201823800",
      "acheteur": {
        "id": "21974015600019",
        "nom": "BUDG.PRINC. VILLE DE SAINT PAUL"
      },
      "_type": "Marché",
      "nature": "Accord-cadre",
      "objet": "ASSISTANCE TECHNIQUE  MO HYDRAULIQUE",
      "codeCPV": "71241000-9",
      "procedure": "Appel d'offres ouvert",
      "lieuExecution": {
        "code": "97460",
        "typeCode": "Code postal",
        "nom": "SAINT PAUL"
      },
      "dureeMois": 48,
      "dateNotification": "2018-12-19+03:00",
      "datePublicationDonnees": "2019-01-16+03:00",
      "montant": 400000,
      "formePrix": "Révisable",
      "titulaires": [
        {
          "typeIdentifiant": "SIRET",
          "id": "81373080100012",
          "denominationSociale": "ATM OI"
        },
        {
          "typeIdentifiant": "SIRET",
          "id": "78471226700078",
          "denominationSociale": "DS AVOCATS"
        }
      ],
      "modifications": []
    }
  ]
}
