{
  "$schema": "https://raw.githubusercontent.com/etalab/format-commande-publique/master/schemas/json/paquet.json",
  "source": "data.gouv.fr_pes",
  "marches": [
    {
      "id": "2018F2300",
      "uid": "217702968000172018F2300",
      "acheteur": {
        "id": "21770296800017",
        "nom": "BUDGET PRINCIPAL"
      },
      "_type": "Marché",
      "nature": "Accord-cadre",
      "objet": "ACQUISITION ET LIVRAISON DE FOURNITURES DE BUREAU POUR L'ENSEMBLE DES SERVICES MUNICIPAUX",
      "codeCPV": "30192000-1",
      "procedure": "Procédure adaptée",
      "lieuExecution": {
        "code": "77296",
        "typeCode": "Code commune",
        "nom": "MOISSY-CRAMAYEL"
      },
      "dureeMois": 48,
      "dateNotification": "2018-11-27+01:00",
      "datePublicationDonnees": "2019-01-15+01:00",
      "montant": 80000,
      "formePrix": "Ferme",
      "titulaires": [
        {
          "typeIdentifiant": "SIRET",
          "id": "79178702100033",
          "denominationSociale": "NVBURO"
        }
      ],
      "modifications": []
    }
  ]
}
