{
  "$schema": "https://raw.githubusercontent.com/etalab/format-commande-publique/master/schemas/json/paquet.json",
  "source": "data.gouv.fr_pes",
  "marches": [
    {
      "id": "201828B0100",
      "uid": "21610006500012201828B0100",
      "acheteur": {
        "id": "21610006500012",
        "nom": "COMMUNE D'ARGENTAN"
      },
      "_type": "Marché",
      "nature": "Marché",
      "objet": "REFECTION OUVERTURES EXTERIEURES MAUPASSANT",
      "codeCPV": "45421130-4",
      "procedure": "Procédure adaptée",
      "lieuExecution": {
        "code": "61200",
        "typeCode": "Code postal",
        "nom": "ARGENTAN - MAISON ASSO MAUPASSANT"
      },
      "dureeMois": 5,
      "dateNotification": "2018-12-14+01:00",
      "datePublicationDonnees": "2019-01-30+01:00",
      "montant": 145000,
      "formePrix": "Ferme",
      "titulaires": [
        {
          "typeIdentifiant": "SIRET",
          "id": "50886645600017",
          "denominationSociale": "ALUTIL"
        }
      ],
      "modifications": []
    }
  ]
}
