{
  "$schema": "https://raw.githubusercontent.com/etalab/format-commande-publique/master/schemas/json/paquet.json",
  "source": "data.gouv.fr_pes",
  "marches": [
    {
      "id": "2018J1195A",
      "uid": "216901231000112018J1195A",
      "acheteur": {
        "id": "21690123100011",
        "nom": "Ville de Lyon"
      },
      "_type": "Marché",
      "nature": "Accord-cadre",
      "objet": "Fournitures d'armes de poing et accessoires pour la police municipale de la Ville de Lyon",
      "codeCPV": "35300000-7",
      "procedure": "Procédure adaptée",
      "lieuExecution": {
        "code": "69123",
        "typeCode": "Code commune",
        "nom": "A Lyon"
      },
      "dureeMois": 48,
      "dateNotification": "2018-10-05+02:00",
      "datePublicationDonnees": "2018-11-14+01:00",
      "montant": 140000,
      "formePrix": "Révisable",
      "titulaires": [
        {
          "typeIdentifiant": "SIRET",
          "id": "49763210900037",
          "denominationSociale": "SUNROCK"
        }
      ],
      "modifications": []
    }
  ]
}
