{
  "$schema": "https://raw.githubusercontent.com/etalab/format-commande-publique/master/schemas/json/paquet.json",
  "source": "data.gouv.fr_pes",
  "marches": [
    {
      "id": "201919300000",
      "uid": "28110001600027201919300000",
      "acheteur": {
        "id": "28110001600027",
        "nom": "SERVICE INCENDIE AUDE - DEP DE"
      },
      "_type": "Marché",
      "nature": "Accord-cadre",
      "objet": "CONTRAT DE SUIVI PROGICIEL",
      "codeCPV": "50324100-3",
      "procedure": "Marché négocié sans publicité ni mise en concurrence préalable",
      "lieuExecution": {
        "code": "11",
        "typeCode": "Code département",
        "nom": "AUDE"
      },
      "dureeMois": 36,
      "dateNotification": "2019-01-01+01:00",
      "datePublicationDonnees": "2019-01-22+01:00",
      "montant": 270000,
      "formePrix": "Révisable",
      "titulaires": [
        {
          "typeIdentifiant": "SIRET",
          "id": "34054699300320",
          "denominationSociale": "GFI PROGICIELS"
        }
      ],
      "modifications": []
    }
  ]
}
