{
  "$schema": "https://raw.githubusercontent.com/etalab/format-commande-publique/master/schemas/json/paquet.json",
  "source": "data.gouv.fr_pes",
  "marches": [
    {
      "id": "20181811700",
      "uid": "2176032240001520181811700",
      "acheteur": {
        "id": "21760322400015",
        "nom": "GRAND-QUEVILLY (LE) (00100)"
      },
      "_type": "Marché",
      "nature": "Marché",
      "objet": "PISCINE-REFECTION ETANCHEITE ET ISOLATION DES TOITURES TERRASSES",
      "codeCPV": "45261420-4",
      "procedure": "Procédure adaptée",
      "lieuExecution": {
        "code": "76322",
        "typeCode": "Code commune",
        "nom": "Grand Quevilly"
      },
      "dureeMois": 48,
      "dateNotification": "2018-12-12+01:00",
      "datePublicationDonnees": "2018-12-24+01:00",
      "montant": 138949.55,
      "formePrix": "Ferme",
      "titulaires": [
        {
          "typeIdentifiant": "SIRET",
          "id": "39348880400047",
          "denominationSociale": "CIME"
        }
      ],
      "modifications": []
    }
  ]
}
