{
  "$schema": "https://raw.githubusercontent.com/etalab/format-commande-publique/master/schemas/json/paquet.json",
  "source": "data.gouv.fr_pes",
  "marches": [
    {
      "id": "201918M11200",
      "uid": "28310001400028201918M11200",
      "acheteur": {
        "id": "28310001400028",
        "nom": "Budget Principal"
      },
      "_type": "Marché",
      "nature": "Accord-cadre",
      "objet": "ACCOMPAGNEMENT DES MANAGEURS",
      "codeCPV": "80511000-9",
      "procedure": "Procédure adaptée",
      "lieuExecution": {
        "code": "31149",
        "typeCode": "Code commune",
        "nom": "COLOMIERS"
      },
      "dureeMois": 14,
      "dateNotification": "2018-12-26+01:00",
      "datePublicationDonnees": "2019-01-30+01:00",
      "montant": 120000,
      "formePrix": "Ferme",
      "titulaires": [
        {
          "typeIdentifiant": "SIRET",
          "id": "18310907300027",
          "denominationSociale": "GIP FCIP TOULOUSE"
        }
      ],
      "modifications": []
    }
  ]
}
