{
  "$schema": "https://raw.githubusercontent.com/etalab/format-commande-publique/master/schemas/json/paquet.json",
  "source": "data.gouv.fr_pes",
  "marches": [
    {
      "id": "201918A06900",
      "uid": "28310001400028201918A06900",
      "acheteur": {
        "id": "28310001400028",
        "nom": "Budget Principal"
      },
      "_type": "Marché",
      "nature": "Accord-cadre",
      "objet": "FOURNITURE INSTALLATION MISE EN SERVICE DE CABLAGE VDI ET D EQUIPEMENT DU SYSTEME D INFORMATION",
      "codeCPV": "32521000-1",
      "procedure": "Appel d'offres ouvert",
      "lieuExecution": {
        "code": "31149",
        "typeCode": "Code commune",
        "nom": "COLOMIERS"
      },
      "dureeMois": 48,
      "dateNotification": "2018-12-18+01:00",
      "datePublicationDonnees": "2018-12-24+01:00",
      "montant": 320000,
      "formePrix": "Révisable",
      "titulaires": [
        {
          "typeIdentifiant": "SIRET",
          "id": "40836889200043",
          "denominationSociale": "H2P COMMUNICATIONS"
        }
      ],
      "modifications": []
    }
  ]
}
