{
  "$schema": "https://raw.githubusercontent.com/etalab/format-commande-publique/master/schemas/json/paquet.json",
  "source": "data.gouv.fr_pes",
  "marches": [
    {
      "id": "2019I3620000",
      "uid": "224400028000112019I3620000",
      "acheteur": {
        "id": "22440002800011",
        "nom": "BUDGET PRINCIPAL"
      },
      "_type": "Marché",
      "nature": "Accord-cadre",
      "objet": "Entretien des marais salants et anciens marais salants sur les communes de Loire-Atlantique",
      "codeCPV": "77100000-1",
      "procedure": "Procédure adaptée",
      "lieuExecution": {
        "code": "44006",
        "typeCode": "Code commune",
        "nom": "ASSERAC"
      },
      "dureeMois": 15,
      "dateNotification": "2019-01-17+01:00",
      "datePublicationDonnees": "2019-01-28+01:00",
      "montant": 80000,
      "formePrix": "Ferme",
      "titulaires": [
        {
          "typeIdentifiant": "SIRET",
          "id": "38819180100017",
          "denominationSociale": "MAHE TERRIEN"
        }
      ],
      "modifications": []
    }
  ]
}
