{
  "$schema": "https://raw.githubusercontent.com/etalab/format-commande-publique/master/schemas/json/paquet.json",
  "source": "data.gouv.fr_pes",
  "marches": [
    {
      "id": "201823600",
      "uid": "21974015600019201823600",
      "acheteur": {
        "id": "21974015600019",
        "nom": "BUDG.PRINC. VILLE DE SAINT PAUL"
      },
      "_type": "Marché",
      "nature": "Marché",
      "objet": "REHAB PLATELAGE ILOTS 1 ET 2 DU JEU D EAU",
      "codeCPV": "45422000-1",
      "procedure": "Procédure adaptée",
      "lieuExecution": {
        "code": "97460",
        "typeCode": "Code postal",
        "nom": "SAINT PAUL"
      },
      "dureeMois": 3,
      "dateNotification": "2018-12-18+03:00",
      "datePublicationDonnees": "2019-01-17+03:00",
      "montant": 73860.32,
      "formePrix": "Révisable",
      "titulaires": [
        {
          "typeIdentifiant": "SIRET",
          "id": "82162976300011",
          "denominationSociale": "EMPREINTE URBAINE"
        }
      ],
      "modifications": []
    }
  ]
}
