{
  "$schema": "https://raw.githubusercontent.com/etalab/format-commande-publique/master/schemas/json/paquet.json",
  "source": "data.gouv.fr_pes",
  "marches": [
    {
      "id": "2018J1230",
      "uid": "216901231000112018J1230",
      "acheteur": {
        "id": "21690123100011",
        "nom": "Ville de Lyon"
      },
      "_type": "Marché",
      "nature": "Marché",
      "objet": "Fourniture, installation et mise en oeuvre d'un pupitre de régie plateau de la grande salle de la Maison de la Danse",
      "codeCPV": "31211100-9",
      "procedure": "Procédure adaptée",
      "lieuExecution": {
        "code": "69123",
        "typeCode": "Code commune",
        "nom": "A Lyon"
      },
      "dureeMois": 12,
      "dateNotification": "2018-10-12+02:00",
      "datePublicationDonnees": "2018-11-16+01:00",
      "montant": 52041.02,
      "formePrix": "Ferme",
      "titulaires": [
        {
          "typeIdentifiant": "SIRET",
          "id": "31017425500045",
          "denominationSociale": "SCENETEC SA SCOP"
        }
      ],
      "modifications": []
    },
    {
      "id": "2018J1227",
      "uid": "216901231000112018J1227",
      "acheteur": {
        "id": "21690123100011",
        "nom": "Ville de Lyon"
      },
      "_type": "Marché",
      "nature": "Marché",
      "objet": "Groupe scolaire Joannes Masset - Construction lot06a menuiseries extérieures bois aluminium",
      "codeCPV": "45421000-4",
      "procedure": "Procédure adaptée",
      "lieuExecution": {
        "code": "69123",
        "typeCode": "Code commune",
        "nom": "A Lyon"
      },
      "dureeMois": 20,
      "dateNotification": "2018-10-02+02:00",
      "datePublicationDonnees": "2018-11-16+01:00",
      "montant": 433652.11,
      "formePrix": "Révisable",
      "titulaires": [
        {
          "typeIdentifiant": "SIRET",
          "id": "42167587700037",
          "denominationSociale": "PARET SARL"
        }
      ],
      "modifications": []
    },
    {
      "id": "2018J1282A",
      "uid": "216901231000112018J1282A",
      "acheteur": {
        "id": "21690123100011",
        "nom": "Ville de Lyon"
      },
      "_type": "Marché",
      "nature": "Accord-cadre",
      "objet": "Mission d'assistance à maîtrise d'ouvrage - Tests d'étanchéité à l'air pour différents sites de la Ville de Lyon",
      "codeCPV": "71300000-1",
      "procedure": "Procédure adaptée",
      "lieuExecution": {
        "code": "69123",
        "typeCode": "Code commune",
        "nom": "A Lyon"
      },
      "dureeMois": 12,
      "dateNotification": "2018-10-15+02:00",
      "datePublicationDonnees": "2018-11-16+01:00",
      "montant": 50000,
      "formePrix": "Révisable",
      "titulaires": [
        {
          "typeIdentifiant": "SIRET",
          "id": "51152037100010",
          "denominationSociale": "ENEXCO"
        }
      ],
      "modifications": []
    }
  ]
}
