{
  "$schema": "https://raw.githubusercontent.com/etalab/format-commande-publique/master/schemas/json/paquet.json",
  "source": "data.gouv.fr_pes",
  "marches": [
    {
      "id": "201918A11800",
      "uid": "28310001400028201918A11800",
      "acheteur": {
        "id": "28310001400028",
        "nom": "Budget Principal"
      },
      "_type": "Marché",
      "nature": "Marché",
      "objet": "2 EQUIPEMENTS DE CAMIONS  CITERNE DE FORETS LEGERS LOT 6",
      "codeCPV": "34210000-2",
      "procedure": "Appel d'offres ouvert",
      "lieuExecution": {
        "code": "31149",
        "typeCode": "Code commune",
        "nom": "COLOMIERS"
      },
      "dureeMois": 12,
      "dateNotification": "2019-01-07+01:00",
      "datePublicationDonnees": "2019-01-29+01:00",
      "montant": 45480,
      "formePrix": "Ferme",
      "titulaires": [
        {
          "typeIdentifiant": "SIRET",
          "id": "32378930500030",
          "denominationSociale": "CARROSSERIE ARTIERES"
        }
      ],
      "modifications": []
    },
    {
      "id": "201918A11400",
      "uid": "28310001400028201918A11400",
      "acheteur": {
        "id": "28310001400028",
        "nom": "Budget Principal"
      },
      "_type": "Marché",
      "nature": "Marché",
      "objet": "5 VEHICULES TRANSPORT PERSONNELS LOT 2",
      "codeCPV": "34144200-0",
      "procedure": "Appel d'offres ouvert",
      "lieuExecution": {
        "code": "31149",
        "typeCode": "Code commune",
        "nom": "COLOMIERS"
      },
      "dureeMois": 7,
      "dateNotification": "2018-12-18+01:00",
      "datePublicationDonnees": "2019-01-29+01:00",
      "montant": 103074,
      "formePrix": "Ferme",
      "titulaires": [
        {
          "typeIdentifiant": "SIRET",
          "id": "31221230100716",
          "denominationSociale": "RENAULT RETAIL GROUP TOULOUSE"
        }
      ],
      "modifications": []
    },
    {
      "id": "201918A11300",
      "uid": "28310001400028201918A11300",
      "acheteur": {
        "id": "28310001400028",
        "nom": "Budget Principal"
      },
      "_type": "Marché",
      "nature": "Marché",
      "objet": "3 VEHICULES LEGERS TOUS CHEMINS 4X4 LOT1",
      "codeCPV": "34144200-0",
      "procedure": "Appel d'offres ouvert",
      "lieuExecution": {
        "code": "31149",
        "typeCode": "Code commune",
        "nom": "COLOMIERS"
      },
      "dureeMois": 6,
      "dateNotification": "2018-12-18+01:00",
      "datePublicationDonnees": "2019-01-29+01:00",
      "montant": 52936.98,
      "formePrix": "Ferme",
      "titulaires": [
        {
          "typeIdentifiant": "SIRET",
          "id": "31221230100716",
          "denominationSociale": "RENAULT RETAIL GROUP TOULOUSE"
        }
      ],
      "modifications": []
    },
    {
      "id": "201918A11500",
      "uid": "28310001400028201918A11500",
      "acheteur": {
        "id": "28310001400028",
        "nom": "Budget Principal"
      },
      "_type": "Marché",
      "nature": "Marché",
      "objet": "CHASSIS VEHICULE TOUS USAGE TRANSPORT DE PERSONNELS LOT 3",
      "codeCPV": "34139000-0",
      "procedure": "Appel d'offres ouvert",
      "lieuExecution": {
        "code": "31149",
        "typeCode": "Code commune",
        "nom": "COLOMIERS"
      },
      "dureeMois": 12,
      "dateNotification": "2019-01-04+01:00",
      "datePublicationDonnees": "2019-01-29+01:00",
      "montant": 66093.09,
      "formePrix": "Ferme",
      "titulaires": [
        {
          "typeIdentifiant": "SIRET",
          "id": "31221230100716",
          "denominationSociale": "RENAULT RETAIL GROUP TOULOUSE"
        }
      ],
      "modifications": []
    }
  ]
}
