{
  "$schema": "https://raw.githubusercontent.com/etalab/format-commande-publique/master/schemas/json/paquet.json",
  "source": "data.gouv.fr_pes",
  "marches": [
    {
      "id": "2018C18070",
      "uid": "200071678000452018C18070",
      "acheteur": {
        "id": "20007167800045",
        "nom": "AGGLOMERATION DU CHOLETAIS"
      },
      "_type": "Marché",
      "nature": "Marché",
      "objet": "LOT 1 ASS TRANCHEE OUVERTE - AMONT POSTE DE REFOULEMENT DU ROCHER - LE MAY SUR EVRE",
      "codeCPV": "45232410-9",
      "procedure": "Procédure adaptée",
      "lieuExecution": {
        "code": "49321",
        "typeCode": "Code postal",
        "nom": "CHOLET CEDEX"
      },
      "dureeMois": 2,
      "dateNotification": "2018-10-11+02:00",
      "datePublicationDonnees": "2018-10-24+02:00",
      "montant": 47667,
      "formePrix": "Ferme et actualisable",
      "titulaires": [
        {
          "typeIdentifiant": "SIRET",
          "id": "41239723400060",
          "denominationSociale": "EUROVIA ATLANTIQUE SAS"
        }
      ],
      "modifications": []
    }
  ]
}
