{
  "$schema": "https://raw.githubusercontent.com/etalab/format-commande-publique/master/schemas/json/paquet.json",
  "source": "data.gouv.fr_pes",
  "marches": [
    {
      "id": "20181811400",
      "uid": "2164010260036620181811400",
      "acheteur": {
        "id": "21640102600366",
        "nom": "VILLE DE BAYONNE"
      },
      "_type": "Marché",
      "nature": "Accord-cadre",
      "objet": "ACQUISITION DE DVD FICTION ET DOC ADULTE ET JEUNESSE LOT No 2",
      "codeCPV": "30234400-2",
      "procedure": "Procédure adaptée",
      "lieuExecution": {
        "code": "64109",
        "typeCode": "Code postal",
        "nom": "BAYONNE CEDEX"
      },
      "dureeMois": 24,
      "dateNotification": "2018-11-19+01:00",
      "datePublicationDonnees": "2018-12-07+01:00",
      "montant": 30000,
      "formePrix": "Ferme",
      "titulaires": [
        {
          "typeIdentifiant": "SIRET",
          "id": "34436269400061",
          "denominationSociale": "SAS COLACO"
        }
      ],
      "modifications": []
    },
    {
      "id": "20181811500",
      "uid": "2164010260036620181811500",
      "acheteur": {
        "id": "21640102600366",
        "nom": "VILLE DE BAYONNE"
      },
      "_type": "Marché",
      "nature": "Marché",
      "objet": "MISSION DE COMMUNITY MANAGEMENT ET DE WEBMASTERING",
      "codeCPV": "72400000-4",
      "procedure": "Procédure adaptée",
      "lieuExecution": {
        "code": "64109",
        "typeCode": "Code postal",
        "nom": "BAYONNE CEDEX"
      },
      "dureeMois": 36,
      "dateNotification": "2018-11-20+01:00",
      "datePublicationDonnees": "2018-12-07+01:00",
      "montant": 104100,
      "formePrix": "Révisable",
      "titulaires": [
        {
          "typeIdentifiant": "SIRET",
          "id": "82391569900016",
          "denominationSociale": "TRAJECTOIRE SAS"
        }
      ],
      "modifications": []
    }
  ]
}
