{
  "$schema": "https://raw.githubusercontent.com/etalab/format-commande-publique/master/schemas/json/paquet.json",
  "source": "data.gouv.fr_pes",
  "marches": [
    {
      "id": "20181846100",
      "uid": "2000667930003120181846100",
      "acheteur": {
        "id": "20006679300031",
        "nom": "GRAND ANNECY"
      },
      "_type": "Marché",
      "nature": "Accord-cadre",
      "objet": "LOT 1 - ENLEVEMENT ET VALORISATION DES GRAVATS",
      "codeCPV": "90500000-2",
      "procedure": "Appel d'offres ouvert",
      "lieuExecution": {
        "code": "74007",
        "typeCode": "Code postal",
        "nom": "ANNECY CEDEX"
      },
      "dureeMois": 45,
      "dateNotification": "2018-12-13+01:00",
      "datePublicationDonnees": "2019-01-30+01:00",
      "montant": 25000,
      "formePrix": "Révisable",
      "titulaires": [
        {
          "typeIdentifiant": "SIRET",
          "id": "32662024200023",
          "denominationSociale": "TRIGENIUM"
        }
      ],
      "modifications": []
    },
    {
      "id": "20181846900",
      "uid": "2000667930003120181846900",
      "acheteur": {
        "id": "20006679300031",
        "nom": "GRAND ANNECY"
      },
      "_type": "Marché",
      "nature": "Accord-cadre",
      "objet": "LOT 9 - ENLEVEMENT ET VALORISATION DES DECHETS ENCOMBRANTS",
      "codeCPV": "90500000-2",
      "procedure": "Appel d'offres ouvert",
      "lieuExecution": {
        "code": "74007",
        "typeCode": "Code postal",
        "nom": "ANNECY CEDEX"
      },
      "dureeMois": 45,
      "dateNotification": "2018-12-13+01:00",
      "datePublicationDonnees": "2019-01-30+01:00",
      "montant": 55000,
      "formePrix": "Révisable",
      "titulaires": [
        {
          "typeIdentifiant": "SIRET",
          "id": "32662024200023",
          "denominationSociale": "TRIGENIUM"
        }
      ],
      "modifications": []
    },
    {
      "id": "20181846400",
      "uid": "2000667930003120181846400",
      "acheteur": {
        "id": "20006679300031",
        "nom": "GRAND ANNECY"
      },
      "_type": "Marché",
      "nature": "Accord-cadre",
      "objet": "LOT 4 - ENLEVEMENT ET VALORISATION DU BOIS",
      "codeCPV": "90500000-2",
      "procedure": "Appel d'offres ouvert",
      "lieuExecution": {
        "code": "74007",
        "typeCode": "Code postal",
        "nom": "ANNECY CEDEX"
      },
      "dureeMois": 45,
      "dateNotification": "2018-12-13+01:00",
      "datePublicationDonnees": "2019-01-30+01:00",
      "montant": 48000,
      "formePrix": "Révisable",
      "titulaires": [
        {
          "typeIdentifiant": "SIRET",
          "id": "32662024200023",
          "denominationSociale": "TRIGENIUM"
        }
      ],
      "modifications": []
    },
    {
      "id": "20181846300",
      "uid": "2000667930003120181846300",
      "acheteur": {
        "id": "20006679300031",
        "nom": "GRAND ANNECY"
      },
      "_type": "Marché",
      "nature": "Accord-cadre",
      "objet": "LOT 3 - ENLEVEMENT ET VALORISATION DES VEGETAUX",
      "codeCPV": "90500000-2",
      "procedure": "Appel d'offres ouvert",
      "lieuExecution": {
        "code": "74007",
        "typeCode": "Code postal",
        "nom": "ANNECY CEDEX"
      },
      "dureeMois": 45,
      "dateNotification": "2018-12-13+01:00",
      "datePublicationDonnees": "2019-01-30+01:00",
      "montant": 122000,
      "formePrix": "Révisable",
      "titulaires": [
        {
          "typeIdentifiant": "SIRET",
          "id": "32662024200023",
          "denominationSociale": "TRIGENIUM"
        }
      ],
      "modifications": []
    }
  ]
}
