{
  "$schema": "https://raw.githubusercontent.com/etalab/format-commande-publique/master/schemas/json/paquet.json",
  "source": "data.gouv.fr_pes",
  "marches": [
    {
      "id": "201830400",
      "uid": "28590001500055201830400",
      "acheteur": {
        "id": "28590001500055",
        "nom": "SDIS DU NORD - BUDGET PRINCIPA"
      },
      "_type": "Marché",
      "nature": "Marché",
      "objet": "CONSTRUCTION D UN CENTRE D INCENDIE ET DE SECOURS A CAMBRAI LOT 01 - VRD",
      "codeCPV": "45216121-8",
      "procedure": "Procédure adaptée",
      "lieuExecution": {
        "code": "59",
        "typeCode": "Code département",
        "nom": "DEPARTEMENT DU NORD"
      },
      "dureeMois": 29,
      "dateNotification": "2018-12-14+01:00",
      "datePublicationDonnees": "2018-12-24+01:00",
      "montant": 662675.54,
      "formePrix": "Ferme",
      "titulaires": [
        {
          "typeIdentifiant": "SIRET",
          "id": "40209626700016",
          "denominationSociale": "EIFFAGE ROUTE NORD EST"
        }
      ],
      "modifications": []
    }
  ]
}
