{
  "$schema": "https://raw.githubusercontent.com/etalab/format-commande-publique/master/schemas/json/paquet.json",
  "source": "data.gouv.fr_pes",
  "marches": [
    {
      "id": "2019I072RD00",
      "uid": "224400028000112019I072RD00",
      "acheteur": {
        "id": "22440002800011",
        "nom": "BUDGET PRINCIPAL"
      },
      "_type": "Marché",
      "nature": "Marché",
      "objet": "COLLEGE VILLE A ROSES CHATEAUBRIANT MOE",
      "codeCPV": "71200000-0",
      "procedure": "Appel d'offres ouvert",
      "lieuExecution": {
        "code": "44036",
        "typeCode": "Code commune",
        "nom": "CHATEAUBRIANT"
      },
      "dureeMois": 60,
      "dateNotification": "2019-01-02+01:00",
      "datePublicationDonnees": "2019-01-23+01:00",
      "montant": 867200,
      "formePrix": "Ferme",
      "titulaires": [
        {
          "typeIdentifiant": "SIRET",
          "id": "41886677800024",
          "denominationSociale": "PROCESS CUISINES"
        },
        {
          "typeIdentifiant": "SIRET",
          "id": "32840044500032",
          "denominationSociale": "EVEN STRUCTURES"
        },
        {
          "typeIdentifiant": "SIRET",
          "id": "47915445200011",
          "denominationSociale": "MALLERET CORNEDE MENARD"
        },
        {
          "typeIdentifiant": "SIRET",
          "id": "79086341900012",
          "denominationSociale": "URBATERRA"
        },
        {
          "typeIdentifiant": "SIRET",
          "id": "41126156300026",
          "denominationSociale": "A.B INGENIERIE"
        },
        {
          "typeIdentifiant": "SIRET",
          "id": "39529278200012",
          "denominationSociale": "LIONEL VIE ET ASSOCIES"
        },
        {
          "typeIdentifiant": "SIRET",
          "id": "39083945400027",
          "denominationSociale": "SERDB"
        },
        {
          "typeIdentifiant": "SIRET",
          "id": "47761747600023",
          "denominationSociale": "AD INGE"
        }
      ],
      "modifications": []
    }
  ]
}
