{
  "$schema": "https://raw.githubusercontent.com/etalab/format-commande-publique/master/schemas/json/paquet.json",
  "source": "data.gouv.fr_pes",
  "marches": [
    {
      "id": "20181811300",
      "uid": "2164010260036620181811300",
      "acheteur": {
        "id": "21640102600366",
        "nom": "VILLE DE BAYONNE"
      },
      "_type": "Marché",
      "nature": "Accord-cadre",
      "objet": "ACQUISITION DE CD ADULTE ET JEUNESSE LOT No1",
      "codeCPV": "30234300-1",
      "procedure": "Procédure adaptée",
      "lieuExecution": {
        "code": "64109",
        "typeCode": "Code postal",
        "nom": "BAYONNE CEDEX"
      },
      "dureeMois": 24,
      "dateNotification": "2018-11-19+01:00",
      "datePublicationDonnees": "2018-12-06+01:00",
      "montant": 30000,
      "formePrix": "Ferme",
      "titulaires": [
        {
          "typeIdentifiant": "SIRET",
          "id": "34864644900051",
          "denominationSociale": "GAM SAS"
        }
      ],
      "modifications": []
    }
  ]
}
