{
  "$schema": "https://raw.githubusercontent.com/etalab/format-commande-publique/master/schemas/json/paquet.json",
  "source": "data.gouv.fr_pes",
  "marches": [
    {
      "id": "20182041000",
      "uid": "2197401560001920182041000",
      "acheteur": {
        "id": "21974015600019",
        "nom": "BUDG.PRINC. VILLE DE SAINT PAUL"
      },
      "_type": "Marché",
      "nature": "Marché",
      "objet": "ECOLE JASMIN ROBERT SS SOUCI ASCENSEUR - ECOLE JASMIN ROBERT SS SOUCI ASCENSEUR",
      "codeCPV": "45200000-9",
      "procedure": "Procédure adaptée",
      "lieuExecution": {
        "code": "97460",
        "typeCode": "Code postal",
        "nom": "SAINT PAUL"
      },
      "dureeMois": 12,
      "dateNotification": "2018-11-07+03:00",
      "datePublicationDonnees": "2018-12-28+03:00",
      "montant": 29500,
      "formePrix": "Ferme",
      "titulaires": [
        {
          "typeIdentifiant": "SIRET",
          "id": "31086264400039",
          "denominationSociale": "CEGELEC"
        }
      ],
      "modifications": []
    },
    {
      "id": "201820500",
      "uid": "21974015600019201820500",
      "acheteur": {
        "id": "21974015600019",
        "nom": "BUDG.PRINC. VILLE DE SAINT PAUL"
      },
      "_type": "Marché",
      "nature": "Marché",
      "objet": "TERRAIN FOOTBALL SYNTHETIQUE COMPLEX WIN LIME BDN",
      "codeCPV": "45212200-8",
      "procedure": "Appel d'offres ouvert",
      "lieuExecution": {
        "code": "97460",
        "typeCode": "Code postal",
        "nom": "SAINT PAUL"
      },
      "dureeMois": 4,
      "dateNotification": "2018-10-30+03:00",
      "datePublicationDonnees": "2018-12-28+03:00",
      "montant": 147100,
      "formePrix": "Ferme",
      "titulaires": [
        {
          "typeIdentifiant": "SIRET",
          "id": "38466757200034",
          "denominationSociale": "HCB HOW CHOONG"
        }
      ],
      "modifications": []
    }
  ]
}
