{
  "$schema": "https://raw.githubusercontent.com/etalab/format-commande-publique/master/schemas/json/paquet.json",
  "source": "data.gouv.fr_pes",
  "marches": [
    {
      "id": "2018MAS18181",
      "uid": "218903870000102018MAS18181",
      "acheteur": {
        "id": "21890387000010",
        "nom": "VILLE DE SENS"
      },
      "_type": "Marché",
      "nature": "Marché",
      "objet": "LIVRAISON LOCATION REPRISE CHALETS MARCHE NOEL 2018 VILLE DE SENS",
      "codeCPV": "45233293-9",
      "procedure": "Procédure adaptée",
      "lieuExecution": {
        "code": "89108",
        "typeCode": "Code postal",
        "nom": "SENS"
      },
      "dureeMois": 1,
      "dateNotification": "2018-11-07+01:00",
      "datePublicationDonnees": "2018-11-12+01:00",
      "montant": 42329.88,
      "formePrix": "Ferme",
      "titulaires": [
        {
          "typeIdentifiant": "SIRET",
          "id": "41243044900022",
          "denominationSociale": "CPL"
        }
      ],
      "modifications": []
    }
  ]
}
