{
  "$schema": "https://raw.githubusercontent.com/etalab/format-commande-publique/master/schemas/json/paquet.json",
  "source": "data.gouv.fr_pes",
  "marches": [
    {
      "id": "2018003300",
      "uid": "269740155000162018003300",
      "acheteur": {
        "id": "26974015500016",
        "nom": "CCAS BUDGET PRINCIPAL"
      },
      "_type": "Marché",
      "nature": "Accord-cadre",
      "objet": "CHEQUE REPAS - CHEQUE REPAS",
      "codeCPV": "22400000-4",
      "procedure": "Appel d'offres ouvert",
      "lieuExecution": {
        "code": "97460",
        "typeCode": "Code postal",
        "nom": "SAINT PAUL"
      },
      "dureeMois": 48,
      "dateNotification": "2018-12-18+03:00",
      "datePublicationDonnees": "2019-01-08+03:00",
      "montant": 50000,
      "formePrix": "Révisable",
      "titulaires": [
        {
          "typeIdentifiant": "SIRET",
          "id": "64204436600069",
          "denominationSociale": "UP"
        }
      ],
      "modifications": []
    }
  ]
}
