{
  "$schema": "https://raw.githubusercontent.com/etalab/format-commande-publique/master/schemas/json/paquet.json",
  "source": "data.gouv.fr_pes",
  "marches": [
    {
      "id": "2018226100",
      "uid": "219740156000192018226100",
      "acheteur": {
        "id": "21974015600019",
        "nom": "BUDG.PRINC. VILLE DE SAINT PAUL"
      },
      "_type": "Marché",
      "nature": "Marché",
      "objet": "INST CLIM ECOLE ELEMT HERMITAGE LES BAINS - INST CLIM ECOLE ELEMT HERMITAGE LES BAINS",
      "codeCPV": "45331000-6",
      "procedure": "Procédure adaptée",
      "lieuExecution": {
        "code": "97460",
        "typeCode": "Code postal",
        "nom": "SAINT PAUL"
      },
      "dureeMois": 4,
      "dateNotification": "2018-11-19+03:00",
      "datePublicationDonnees": "2019-01-18+03:00",
      "montant": 49764.73,
      "formePrix": "Révisable",
      "titulaires": [
        {
          "typeIdentifiant": "SIRET",
          "id": "45363268900015",
          "denominationSociale": "AUSTRAL FROID CLIM SARL"
        }
      ],
      "modifications": []
    },
    {
      "id": "2018227200",
      "uid": "219740156000192018227200",
      "acheteur": {
        "id": "21974015600019",
        "nom": "BUDG.PRINC. VILLE DE SAINT PAUL"
      },
      "_type": "Marché",
      "nature": "Marché",
      "objet": "INSTALLATION CLIMATISEURS ECOLE MAT ANNE MOUSSE - INSTALLATION CLIMATISEURS ECOLE MAT ANNE MOUSSE",
      "codeCPV": "45331000-6",
      "procedure": "Procédure adaptée",
      "lieuExecution": {
        "code": "97460",
        "typeCode": "Code postal",
        "nom": "SAINT PAUL"
      },
      "dureeMois": 4,
      "dateNotification": "2018-11-19+03:00",
      "datePublicationDonnees": "2019-01-18+03:00",
      "montant": 37462.39,
      "formePrix": "Révisable",
      "titulaires": [
        {
          "typeIdentifiant": "SIRET",
          "id": "45363268900015",
          "denominationSociale": "AUSTRAL FROID CLIM SARL"
        }
      ],
      "modifications": []
    }
  ]
}
