{
  "$schema": "https://raw.githubusercontent.com/etalab/format-commande-publique/master/schemas/json/paquet.json",
  "source": "data.gouv.fr_pes",
  "marches": [
    {
      "id": "2018J145200",
      "uid": "216901231000112018J145200",
      "acheteur": {
        "id": "21690123100011",
        "nom": "Ville de Lyon"
      },
      "_type": "Marché",
      "nature": "Marché",
      "objet": "Achat du spectacle ELVIRA au Théâtre des Célestins",
      "codeCPV": "92320000-0",
      "procedure": "Marché négocié sans publicité ni mise en concurrence préalable",
      "lieuExecution": {
        "code": "69123",
        "typeCode": "Code commune",
        "nom": "Lyon"
      },
      "dureeMois": 6,
      "dateNotification": "2018-12-04+01:00",
      "datePublicationDonnees": "2018-12-13+01:00",
      "montant": 58460,
      "formePrix": "Ferme",
      "titulaires": [
        {
          "typeIdentifiant": "TVA",
          "id": "IT00802230151",
          "denominationSociale": "Fondazione Piccolo Teatro Milano"
        }
      ],
      "modifications": []
    },
    {
      "id": "2018J141500",
      "uid": "216901231000112018J141500",
      "acheteur": {
        "id": "21690123100011",
        "nom": "Ville de Lyon"
      },
      "_type": "Marché",
      "nature": "Marché",
      "objet": "Prestations d'hôtes ambulants et de location de moyens de locomotion pour la Fête des Lumières 2018",
      "codeCPV": "63513000-8",
      "procedure": "Procédure adaptée",
      "lieuExecution": {
        "code": "69123",
        "typeCode": "Code commune",
        "nom": "A Lyon"
      },
      "dureeMois": 2,
      "dateNotification": "2018-12-04+01:00",
      "datePublicationDonnees": "2018-12-13+01:00",
      "montant": 35535,
      "formePrix": "Ferme",
      "titulaires": [
        {
          "typeIdentifiant": "SIRET",
          "id": "49395224600012",
          "denominationSociale": "COMHIC SARL"
        }
      ],
      "modifications": []
    },
    {
      "id": "2018J144800",
      "uid": "216901231000112018J144800",
      "acheteur": {
        "id": "21690123100011",
        "nom": "Ville de Lyon"
      },
      "_type": "Marché",
      "nature": "Marché",
      "objet": "Achat de licence d'accès au catalogue TOUTAPPRENDRE.COM pour la Bibliothèque Municipale de Lyon",
      "codeCPV": "92511000-6",
      "procedure": "Marché négocié sans publicité ni mise en concurrence préalable",
      "lieuExecution": {
        "code": "69123",
        "typeCode": "Code commune",
        "nom": "Lyon"
      },
      "dureeMois": 12,
      "dateNotification": "2018-12-07+01:00",
      "datePublicationDonnees": "2018-12-13+01:00",
      "montant": 42206.67,
      "formePrix": "Ferme",
      "titulaires": [
        {
          "typeIdentifiant": "SIRET",
          "id": "43232728600048",
          "denominationSociale": "LEARNORAMA"
        }
      ],
      "modifications": []
    }
  ]
}
