{
  "$schema": "https://raw.githubusercontent.com/etalab/format-commande-publique/master/schemas/json/paquet.json",
  "source": "data.gouv.fr_pes",
  "marches": [
    {
      "id": "2018J1117A00",
      "uid": "216901231000112018J1117A00",
      "acheteur": {
        "id": "21690123100011",
        "nom": "Ville de Lyon"
      },
      "_type": "Marché",
      "nature": "Accord-cadre",
      "objet": "Accord-cadre de travaux sur le Patrimoine des secteurs 5-9 et rive droite- Lot 8 : Vitrerie",
      "codeCPV": "45441000-0",
      "procedure": "Appel d'offres ouvert",
      "lieuExecution": {
        "code": "69123",
        "typeCode": "Code commune",
        "nom": "A Lyon"
      },
      "dureeMois": 48,
      "dateNotification": "2018-11-23+01:00",
      "datePublicationDonnees": "2019-01-10+01:00",
      "montant": 262904,
      "formePrix": "Révisable",
      "titulaires": [
        {
          "typeIdentifiant": "SIRET",
          "id": "39833047200034",
          "denominationSociale": "DB VERRE"
        }
      ],
      "modifications": []
    },
    {
      "id": "2018J1121A00",
      "uid": "216901231000112018J1121A00",
      "acheteur": {
        "id": "21690123100011",
        "nom": "Ville de Lyon"
      },
      "_type": "Marché",
      "nature": "Accord-cadre",
      "objet": "Accord-cadre de travaux sur le Patrimoine des secteurs 5-9 et rive droite- Lot 12 : Revêtements minces",
      "codeCPV": "44112200-0",
      "procedure": "Appel d'offres ouvert",
      "lieuExecution": {
        "code": "69123",
        "typeCode": "Code commune",
        "nom": "A Lyon"
      },
      "dureeMois": 48,
      "dateNotification": "2018-11-26+01:00",
      "datePublicationDonnees": "2019-01-10+01:00",
      "montant": 338556,
      "formePrix": "Révisable",
      "titulaires": [
        {
          "typeIdentifiant": "SIRET",
          "id": "31868420600036",
          "denominationSociale": "RHONIBAT"
        }
      ],
      "modifications": []
    },
    {
      "id": "2018J1120A00",
      "uid": "216901231000112018J1120A00",
      "acheteur": {
        "id": "21690123100011",
        "nom": "Ville de Lyon"
      },
      "_type": "Marché",
      "nature": "Accord-cadre",
      "objet": "Accord-cadre de travaux sur le Patrimoine des secteurs 5-9 et rive droite- Lot 11 : Carrelage",
      "codeCPV": "45431000-7",
      "procedure": "Appel d'offres ouvert",
      "lieuExecution": {
        "code": "69123",
        "typeCode": "Code commune",
        "nom": "A Lyon"
      },
      "dureeMois": 48,
      "dateNotification": "2018-11-26+01:00",
      "datePublicationDonnees": "2019-01-10+01:00",
      "montant": 590228,
      "formePrix": "Révisable",
      "titulaires": [
        {
          "typeIdentifiant": "SIRET",
          "id": "49878930400025",
          "denominationSociale": "PAVIMENTUM"
        }
      ],
      "modifications": []
    }
  ]
}
