{
  "$schema": "https://raw.githubusercontent.com/etalab/format-commande-publique/master/schemas/json/paquet.json",
  "source": "data.gouv.fr_pes",
  "marches": [
    {
      "id": "2018J1228",
      "uid": "216901231000112018J1228",
      "acheteur": {
        "id": "21690123100011",
        "nom": "Ville de Lyon"
      },
      "_type": "Marché",
      "nature": "Marché",
      "objet": "Groupe scolaire Joannes Masset - Construction Menuiseries extérieures lot06b Menuiseries extérieures aluminium",
      "codeCPV": "45421000-4",
      "procedure": "Procédure adaptée",
      "lieuExecution": {
        "code": "69123",
        "typeCode": "Code commune",
        "nom": "A Lyon"
      },
      "dureeMois": 20,
      "dateNotification": "2018-10-03+02:00",
      "datePublicationDonnees": "2018-11-13+01:00",
      "montant": 189077.43,
      "formePrix": "Révisable",
      "titulaires": [
        {
          "typeIdentifiant": "SIRET",
          "id": "79984366900026",
          "denominationSociale": "CMA CONCEPT"
        }
      ],
      "modifications": []
    },
    {
      "id": "2018J1308U",
      "uid": "216901231000112018J1308U",
      "acheteur": {
        "id": "21690123100011",
        "nom": "Ville de Lyon"
      },
      "_type": "Marché",
      "nature": "Marché subséquent",
      "objet": "Acquisition et mise en ?uvre du module Axel Portail Famille",
      "codeCPV": "72250000-2",
      "procedure": "Marché négocié sans publicité ni mise en concurrence préalable",
      "lieuExecution": {
        "code": "69123",
        "typeCode": "Code commune",
        "nom": "A Lyon"
      },
      "dureeMois": 2,
      "dateNotification": "2018-10-08+02:00",
      "datePublicationDonnees": "2018-11-13+01:00",
      "montant": 96500,
      "formePrix": "Ferme",
      "titulaires": [
        {
          "typeIdentifiant": "SIRET",
          "id": "33922000600078",
          "denominationSociale": "TEAMNET SA"
        }
      ],
      "modifications": []
    },
    {
      "id": "2018J1047A",
      "uid": "216901231000112018J1047A",
      "acheteur": {
        "id": "21690123100011",
        "nom": "Ville de Lyon"
      },
      "_type": "Marché",
      "nature": "Accord-cadre",
      "objet": "Acquisition, mise en oeuvre et maintenance d' une solution de gestion des équipes et du remplacement des agents des ecoles et accueils de loisirs associés à l'école",
      "codeCPV": "48900000-7",
      "procedure": "Procédure adaptée",
      "lieuExecution": {
        "code": "69123",
        "typeCode": "Code commune",
        "nom": "A Lyon"
      },
      "dureeMois": 48,
      "dateNotification": "2018-10-02+02:00",
      "datePublicationDonnees": "2018-11-13+01:00",
      "montant": 200000,
      "formePrix": "Révisable",
      "titulaires": [
        {
          "typeIdentifiant": "SIRET",
          "id": "39924392200081",
          "denominationSociale": "HOROQUARTZ"
        }
      ],
      "modifications": []
    }
  ]
}
