{
  "$schema": "https://raw.githubusercontent.com/etalab/format-commande-publique/master/schemas/json/paquet.json",
  "source": "data.gouv.fr_pes",
  "marches": [
    {
      "id": "201820900",
      "uid": "21974015600019201820900",
      "acheteur": {
        "id": "21974015600019",
        "nom": "BUDG.PRINC. VILLE DE SAINT PAUL"
      },
      "_type": "Marché",
      "nature": "Marché",
      "objet": "MISSION ACCOMPAGNEMENT SOCIAL RHI BOUILLON 1",
      "codeCPV": "85310000-5",
      "procedure": "Procédure adaptée",
      "lieuExecution": {
        "code": "97460",
        "typeCode": "Code postal",
        "nom": "SAINT PAUL"
      },
      "dureeMois": 24,
      "dateNotification": "2018-10-26+03:00",
      "datePublicationDonnees": "2018-12-26+03:00",
      "montant": 67200,
      "formePrix": "Révisable",
      "titulaires": [
        {
          "typeIdentifiant": "SIRET",
          "id": "40004908600046",
          "denominationSociale": "GB2 BROSSARD GUY"
        }
      ],
      "modifications": []
    }
  ]
}
