{
  "$schema": "https://raw.githubusercontent.com/etalab/format-commande-publique/master/schemas/json/paquet.json",
  "source": "data.gouv.fr_pes",
  "marches": [
    {
      "id": "20181814000",
      "uid": "2164010260036620181814000",
      "acheteur": {
        "id": "21640102600366",
        "nom": "VILLE DE BAYONNE"
      },
      "_type": "Marché",
      "nature": "Accord-cadre",
      "objet": "FOURNITURE DE REPAS AUX RESTAURANTS SCOLAIRES ET CRECHES",
      "codeCPV": "55521200-0",
      "procedure": "Appel d'offres ouvert",
      "lieuExecution": {
        "code": "64109",
        "typeCode": "Code postal",
        "nom": "BAYONNE CEDEX"
      },
      "dureeMois": 36,
      "dateNotification": "2018-12-28+01:00",
      "datePublicationDonnees": "2019-01-09+01:00",
      "montant": 5045500.08,
      "formePrix": "Révisable",
      "titulaires": [
        {
          "typeIdentifiant": "SIRET",
          "id": "48828240100014",
          "denominationSociale": "SARL SCIC L EOLE"
        }
      ],
      "modifications": []
    }
  ]
}
