{
  "$schema": "https://raw.githubusercontent.com/etalab/format-commande-publique/master/schemas/json/paquet.json",
  "source": "data.gouv.fr_pes",
  "marches": [
    {
      "id": "2018F2200",
      "uid": "217702968000172018F2200",
      "acheteur": {
        "id": "21770296800017",
        "nom": "BUDGET PRINCIPAL"
      },
      "_type": "Marché",
      "nature": "Accord-cadre",
      "objet": "Acquisition et livraison de fournitures et matériels scolaires et pédagogiques pour les écoles et autres services municipaux",
      "codeCPV": "39162110-9",
      "procedure": "Procédure adaptée",
      "lieuExecution": {
        "code": "77296",
        "typeCode": "Code commune",
        "nom": "MOISSY-CRAMAYEL"
      },
      "dureeMois": 24,
      "dateNotification": "2018-12-27+01:00",
      "datePublicationDonnees": "2019-01-17+01:00",
      "montant": 200000,
      "formePrix": "Ferme",
      "titulaires": [
        {
          "typeIdentifiant": "SIRET",
          "id": "81036298800018",
          "denominationSociale": "CYRANO ILE DE FRANCE"
        }
      ],
      "modifications": []
    }
  ]
}
