{
  "$schema": "https://raw.githubusercontent.com/etalab/format-commande-publique/master/schemas/json/paquet.json",
  "source": "data.gouv.fr_pes",
  "marches": [
    {
      "id": "20181809300100",
      "uid": "2111006980001120181809300100",
      "acheteur": {
        "id": "21110069800011",
        "nom": "COMMUNE DE CARCASSONNE"
      },
      "_type": "Marché",
      "nature": "Accord-cadre",
      "objet": "Prestations de services postaux - Lot no 1 Prestations d'acheminement et de distribution de courrier et prestations accessoires",
      "codeCPV": "64100000-7",
      "procedure": "Appel d'offres ouvert",
      "lieuExecution": {
        "code": "11000",
        "typeCode": "Code postal",
        "nom": "CARCASSONNE"
      },
      "dureeMois": 48,
      "dateNotification": "2018-12-08+01:00",
      "datePublicationDonnees": "2018-12-12+01:00",
      "montant": 800000,
      "formePrix": "Révisable",
      "titulaires": [
        {
          "typeIdentifiant": "SIRET",
          "id": "35600000012305",
          "denominationSociale": "LA POSTE DVE MONTPELLIER"
        }
      ],
      "modifications": []
    },
    {
      "id": "20191810700",
      "uid": "2111006980001120191810700",
      "acheteur": {
        "id": "21110069800011",
        "nom": "COMMUNE DE CARCASSONNE"
      },
      "_type": "Marché",
      "nature": "Marché subséquent",
      "objet": "Marché subséquent no 5 au lot no 3 \"PAYSAGISTE\" de l'Accord Cadre - Marché à bons de commande - Exercice 2019",
      "codeCPV": "71420000-8",
      "procedure": "Appel d'offres ouvert",
      "lieuExecution": {
        "code": "11000",
        "typeCode": "Code postal",
        "nom": "CARCASSONNE"
      },
      "dureeMois": 12,
      "dateNotification": "2019-01-01+01:00",
      "datePublicationDonnees": "2018-12-12+01:00",
      "montant": 50000,
      "formePrix": "Ferme",
      "titulaires": [
        {
          "typeIdentifiant": "SIRET",
          "id": "37852236100047",
          "denominationSociale": "SEBA SUD OUEST"
        }
      ],
      "modifications": []
    }
  ]
}
