{
  "$schema": "https://raw.githubusercontent.com/etalab/format-commande-publique/master/schemas/json/paquet.json",
  "source": "data.gouv.fr_pes",
  "marches": [
    {
      "id": "2018184000",
      "uid": "200066793000152018184000",
      "acheteur": {
        "id": "20006679300015",
        "nom": "GRAND ANNECY"
      },
      "_type": "Marché",
      "nature": "Marché",
      "objet": "TRAVAUX D'INSERTION D'UN AMENAGMENT CYCLABLE LE LONG DE LA RD16 SUR LES COMMUNES D'ANNECY, COMMUNES DELEGUEE DE SEYNOD ET CHAVANOD",
      "codeCPV": "45233162-2",
      "procedure": "Procédure adaptée",
      "lieuExecution": {
        "code": "74007",
        "typeCode": "Code postal",
        "nom": "ANNECY CEDEX"
      },
      "dureeMois": 8,
      "dateNotification": "2018-11-27+01:00",
      "datePublicationDonnees": "2019-01-29+01:00",
      "montant": 359065.05,
      "formePrix": "Ferme et actualisable",
      "titulaires": [
        {
          "typeIdentifiant": "SIRET",
          "id": "32939379700694",
          "denominationSociale": "COLAS RHONES ALPES AUVERGNE"
        }
      ],
      "modifications": []
    }
  ]
}
