{
  "$schema": "https://raw.githubusercontent.com/etalab/format-commande-publique/master/schemas/json/paquet.json",
  "source": "data.gouv.fr_pes",
  "marches": [
    {
      "id": "20191811100",
      "uid": "2176032240001520191811100",
      "acheteur": {
        "id": "21760322400015",
        "nom": "GRAND-QUEVILLY (LE) (00100)"
      },
      "_type": "Marché",
      "nature": "Accord-cadre",
      "objet": "LOT 1 FRUITS ET LEGUMES FOURNITURES DE DENREES ALIMENTAIRES   ",
      "codeCPV": "15330000-0",
      "procedure": "Appel d'offres ouvert",
      "lieuExecution": {
        "code": "76322",
        "typeCode": "Code commune",
        "nom": "Grand Quevilly"
      },
      "dureeMois": 48,
      "dateNotification": "2018-12-27+01:00",
      "datePublicationDonnees": "2019-01-18+01:00",
      "montant": 568720.38,
      "formePrix": "Révisable",
      "titulaires": [
        {
          "typeIdentifiant": "SIRET",
          "id": "55204499202846",
          "denominationSociale": "TERREAZUR"
        }
      ],
      "modifications": []
    },
    {
      "id": "20191811200",
      "uid": "2176032240001520191811200",
      "acheteur": {
        "id": "21760322400015",
        "nom": "GRAND-QUEVILLY (LE) (00100)"
      },
      "_type": "Marché",
      "nature": "Accord-cadre",
      "objet": "LOT 2 FRUITS ET LEGUMES CIRCUITS COURTS FOURNITURES DE DENREES ALIMENTAIRES",
      "codeCPV": "15330000-0",
      "procedure": "Appel d'offres ouvert",
      "lieuExecution": {
        "code": "76322",
        "typeCode": "Code commune",
        "nom": "Grand Quevilly"
      },
      "dureeMois": 48,
      "dateNotification": "2018-12-27+01:00",
      "datePublicationDonnees": "2019-01-18+01:00",
      "montant": 121327,
      "formePrix": "Révisable",
      "titulaires": [
        {
          "typeIdentifiant": "SIRET",
          "id": "55204499202846",
          "denominationSociale": "TERREAZUR"
        }
      ],
      "modifications": []
    }
  ]
}
