{
  "$schema": "https://raw.githubusercontent.com/etalab/format-commande-publique/master/schemas/json/paquet.json",
  "source": "data.gouv.fr_pes",
  "marches": [
    {
      "id": "201821400",
      "uid": "28590001500055201821400",
      "acheteur": {
        "id": "28590001500055",
        "nom": "SDIS DU NORD - BUDGET PRINCIPA"
      },
      "_type": "Marché",
      "nature": "Accord-cadre",
      "objet": "FOURNITURE ET REPARATION DE MATERIELS DE FORMATION INCENDIE ET FOURNITURE DE MATERIELS CHIMIE DESTINES AUX COEPT ET CFD DU SDIS DU NORD 2018214  LOT 1 FOURNITURE ET REPARATION DE GENERATEURS DE FUMEES FROIDES ET ACCESSOIRES",
      "codeCPV": "39162200-7",
      "procedure": "Appel d'offres ouvert",
      "lieuExecution": {
        "code": "59",
        "typeCode": "Code département",
        "nom": "DEPARTEMENT DU NORD"
      },
      "dureeMois": 48,
      "dateNotification": "2018-12-31+01:00",
      "datePublicationDonnees": "2019-01-10+01:00",
      "montant": 100000,
      "formePrix": "Ferme",
      "titulaires": [
        {
          "typeIdentifiant": "SIRET",
          "id": "41444050300046",
          "denominationSociale": "JCM DISTRIBUTION"
        }
      ],
      "modifications": []
    },
    {
      "id": "201821600",
      "uid": "28590001500055201821600",
      "acheteur": {
        "id": "28590001500055",
        "nom": "SDIS DU NORD - BUDGET PRINCIPA"
      },
      "_type": "Marché",
      "nature": "Accord-cadre",
      "objet": "FOURNITURE ET REPARATION DE MATERIELS DE FORMATION INCENDIE ET FOURNITURE DE MATERIELS CHIMIE DESTINES AUX C.O.E.P.T ET AUX C.F.D. DU SDIS DU NORD 2018216 LOT 3 : FOURNITURE ET REPARATION D OUTILS DE FORMATION SUR FEUX REELS",
      "codeCPV": "39162200-7",
      "procedure": "Appel d'offres ouvert",
      "lieuExecution": {
        "code": "59",
        "typeCode": "Code département",
        "nom": "DEPARTEMENT DU NORD"
      },
      "dureeMois": 48,
      "dateNotification": "2018-12-31+01:00",
      "datePublicationDonnees": "2019-01-10+01:00",
      "montant": 64000,
      "formePrix": "Ferme",
      "titulaires": [
        {
          "typeIdentifiant": "SIRET",
          "id": "41444050300046",
          "denominationSociale": "JCM DISTRIBUTION"
        }
      ],
      "modifications": []
    },
    {
      "id": "201821800",
      "uid": "28590001500055201821800",
      "acheteur": {
        "id": "28590001500055",
        "nom": "SDIS DU NORD - BUDGET PRINCIPA"
      },
      "_type": "Marché",
      "nature": "Accord-cadre",
      "objet": "FOURNITURE ET REPARATION DE MATERIELS DE FORMATION INCENDIE ET FOURNITURE DE MATERIELS CHIMIE DESTINES AUX C.O.E.P.T ET AUX C.F.D. DU SDIS DU NORD 2018218 LOT 5 : FOURNITURE ET REPARATION D OUTILS PEDAGOGIQUES ET ACCESSOIRES",
      "codeCPV": "39162200-7",
      "procedure": "Appel d'offres ouvert",
      "lieuExecution": {
        "code": "59",
        "typeCode": "Code département",
        "nom": "DEPARTEMENT DU NORD"
      },
      "dureeMois": 48,
      "dateNotification": "2018-12-31+01:00",
      "datePublicationDonnees": "2019-01-10+01:00",
      "montant": 40000,
      "formePrix": "Ferme",
      "titulaires": [
        {
          "typeIdentifiant": "SIRET",
          "id": "41444050300046",
          "denominationSociale": "JCM DISTRIBUTION"
        }
      ],
      "modifications": []
    }
  ]
}
