{
  "$schema": "https://raw.githubusercontent.com/etalab/format-commande-publique/master/schemas/json/paquet.json",
  "source": "data.gouv.fr_pes",
  "marches": [
    {
      "id": "20191812000",
      "uid": "2176032240001520191812000",
      "acheteur": {
        "id": "21760322400015",
        "nom": "GRAND-QUEVILLY (LE) (00100)"
      },
      "_type": "Marché",
      "nature": "Accord-cadre",
      "objet": "LOT 1 LIVRES RELIES ADULTES FOURNITURE DE LIVRES ET LIVRES AUDIO DOC SONORES DOC VIDÉO PARTITIONS ET E-BOOK PR LA MEDIATHEQUE F.MITTERRAND",
      "codeCPV": "22113000-5",
      "procedure": "Appel d'offres ouvert",
      "lieuExecution": {
        "code": "76322",
        "typeCode": "Code commune",
        "nom": "Grand Quevilly"
      },
      "dureeMois": 48,
      "dateNotification": "2019-01-08+01:00",
      "datePublicationDonnees": "2019-01-24+01:00",
      "montant": 28000,
      "formePrix": "Révisable",
      "titulaires": [
        {
          "typeIdentifiant": "SIRET",
          "id": "38775718000030",
          "denominationSociale": "RENOV LIVRES"
        }
      ],
      "modifications": []
    },
    {
      "id": "20191812300",
      "uid": "2176032240001520191812300",
      "acheteur": {
        "id": "21760322400015",
        "nom": "GRAND-QUEVILLY (LE) (00100)"
      },
      "_type": "Marché",
      "nature": "Accord-cadre",
      "objet": "LOT 4 DOCUMENTS VIDÉO FOURNITURE DE LIVRES ET LIVRES AUDIO DOC SONORES DOC VIDÉO PARTITIONS ET E-BOOK POUR LA MEDIATHEQUE F.MITTERRAND",
      "codeCPV": "30234400-2",
      "procedure": "Appel d'offres ouvert",
      "lieuExecution": {
        "code": "76322",
        "typeCode": "Code commune",
        "nom": "Grand Quevilly"
      },
      "dureeMois": 48,
      "dateNotification": "2019-01-08+01:00",
      "datePublicationDonnees": "2019-01-24+01:00",
      "montant": 40000,
      "formePrix": "Révisable",
      "titulaires": [
        {
          "typeIdentifiant": "SIRET",
          "id": "31752630900057",
          "denominationSociale": "RDM VIDEO SA"
        }
      ],
      "modifications": []
    },
    {
      "id": "20191812100",
      "uid": "2176032240001520191812100",
      "acheteur": {
        "id": "21760322400015",
        "nom": "GRAND-QUEVILLY (LE) (00100)"
      },
      "_type": "Marché",
      "nature": "Accord-cadre",
      "objet": "LOT 2 LIVRES ET LIVRES AUDIO FOURNITURE DE LIVRES ET LIVRES AUDIO DOC SONORES DOC VIDÉO PARTITIONS ET E-BOOK POUR LA MEDIATHEQUE F.MITTERRAND",
      "codeCPV": "22113000-5",
      "procedure": "Appel d'offres ouvert",
      "lieuExecution": {
        "code": "76322",
        "typeCode": "Code commune",
        "nom": "Grand Quevilly"
      },
      "dureeMois": 48,
      "dateNotification": "2019-01-08+01:00",
      "datePublicationDonnees": "2019-01-24+01:00",
      "montant": 200000,
      "formePrix": "Révisable",
      "titulaires": [
        {
          "typeIdentifiant": "SIRET",
          "id": "64050034400042",
          "denominationSociale": "L ARMITIERE SEDAC"
        }
      ],
      "modifications": []
    },
    {
      "id": "20191812200",
      "uid": "2176032240001520191812200",
      "acheteur": {
        "id": "21760322400015",
        "nom": "GRAND-QUEVILLY (LE) (00100)"
      },
      "_type": "Marché",
      "nature": "Accord-cadre",
      "objet": "LOT 3 DOCUMENTS SONORES FOURNITURE DE LIVRES ET LIVRES AUDIO DOC SONORES DOC VIDÉO PARTITIONS ET E-BOOKS POUR LA MEDIATHEQUE F.MITTERRAND",
      "codeCPV": "32353200-4",
      "procedure": "Appel d'offres ouvert",
      "lieuExecution": {
        "code": "76322",
        "typeCode": "Code commune",
        "nom": "Grand Quevilly"
      },
      "dureeMois": 48,
      "dateNotification": "2019-01-10+01:00",
      "datePublicationDonnees": "2019-01-24+01:00",
      "montant": 28000,
      "formePrix": "Révisable",
      "titulaires": [
        {
          "typeIdentifiant": "SIRET",
          "id": "34864644900051",
          "denominationSociale": "GAM ANNECY"
        }
      ],
      "modifications": []
    }
  ]
}
