{
  "$schema": "https://raw.githubusercontent.com/etalab/format-commande-publique/master/schemas/json/paquet.json",
  "source": "data.gouv.fr_pes",
  "marches": [
    {
      "id": "2018J143900",
      "uid": "216901231000112018J143900",
      "acheteur": {
        "id": "21690123100011",
        "nom": "Ville de Lyon"
      },
      "_type": "Marché",
      "nature": "Marché",
      "objet": "Cession du spectacle Bestie di Scena",
      "codeCPV": "92320000-0",
      "procedure": "Marché négocié sans publicité ni mise en concurrence préalable",
      "lieuExecution": {
        "code": "69123",
        "typeCode": "Code commune",
        "nom": "Lyon"
      },
      "dureeMois": 6,
      "dateNotification": "2018-11-21+01:00",
      "datePublicationDonnees": "2018-12-17+01:00",
      "montant": 34740,
      "formePrix": "Ferme",
      "titulaires": [
        {
          "typeIdentifiant": "TVA",
          "id": "IT00802230151",
          "denominationSociale": "Fondazione Piccolo Teatro Milano"
        }
      ],
      "modifications": []
    },
    {
      "id": "2018J144000",
      "uid": "216901231000112018J144000",
      "acheteur": {
        "id": "21690123100011",
        "nom": "Ville de Lyon"
      },
      "_type": "Marché",
      "nature": "Marché",
      "objet": "Cession du spectacle La Voix humaine",
      "codeCPV": "92320000-0",
      "procedure": "Marché négocié sans publicité ni mise en concurrence préalable",
      "lieuExecution": {
        "code": "69123",
        "typeCode": "Code commune",
        "nom": "Lyon"
      },
      "dureeMois": 6,
      "dateNotification": "2018-11-21+01:00",
      "datePublicationDonnees": "2018-12-17+01:00",
      "montant": 43603.2,
      "formePrix": "Ferme",
      "titulaires": [
        {
          "typeIdentifiant": "SIRET",
          "id": "42923451100054",
          "denominationSociale": "Compagnie Act Opus"
        }
      ],
      "modifications": []
    }
  ]
}
