{
  "$schema": "https://raw.githubusercontent.com/etalab/format-commande-publique/master/schemas/json/paquet.json",
  "source": "data.gouv.fr_pes",
  "marches": [
    {
      "id": "201818M10900",
      "uid": "28310001400028201818M10900",
      "acheteur": {
        "id": "28310001400028",
        "nom": "Budget Principal"
      },
      "_type": "Marché",
      "nature": "Marché",
      "objet": "CONSTRUCTION CIS VILLEFRANCHE L7 RELANCE DOUBLAGE CLOISONS FAUX PLAFONDS",
      "codeCPV": "45410000-4",
      "procedure": "Procédure adaptée",
      "lieuExecution": {
        "code": "31582",
        "typeCode": "Code commune",
        "nom": "VILLEFRANCHE DE LAURAGAIS"
      },
      "dureeMois": 7,
      "dateNotification": "2018-12-03+01:00",
      "datePublicationDonnees": "2018-12-11+01:00",
      "montant": 47224,
      "formePrix": "Révisable",
      "titulaires": [
        {
          "typeIdentifiant": "SIRET",
          "id": "35345717900045",
          "denominationSociale": "PAGES ET FILS"
        }
      ],
      "modifications": []
    }
  ]
}
