{
  "$schema": "https://raw.githubusercontent.com/etalab/format-commande-publique/master/schemas/json/paquet.json",
  "source": "data.gouv.fr_pes",
  "marches": [
    {
      "id": "2018T2400",
      "uid": "217702968000172018T2400",
      "acheteur": {
        "id": "21770296800017",
        "nom": "BUDGET PRINCIPAL"
      },
      "_type": "Marché",
      "nature": "Marché",
      "objet": "REMPLACEMENT PORTE D'ENTREE MAIRIE ",
      "codeCPV": "45421100-5",
      "procedure": "Procédure adaptée",
      "lieuExecution": {
        "code": "77296",
        "typeCode": "Code commune",
        "nom": "MOISSY-CRAMAYEL"
      },
      "dureeMois": 3,
      "dateNotification": "2018-11-27+01:00",
      "datePublicationDonnees": "2019-01-14+01:00",
      "montant": 29500,
      "formePrix": "Ferme",
      "titulaires": [
        {
          "typeIdentifiant": "SIRET",
          "id": "72201973400341",
          "denominationSociale": "ASSA ABLOY"
        }
      ],
      "modifications": []
    }
  ]
}
