{
  "$schema": "https://raw.githubusercontent.com/etalab/format-commande-publique/master/schemas/json/paquet.json",
  "source": "data.gouv.fr_pes",
  "marches": [
    {
      "id": "201822600",
      "uid": "28590001500055201822600",
      "acheteur": {
        "id": "28590001500055",
        "nom": "SDIS DU NORD - BUDGET PRINCIPA"
      },
      "_type": "Marché",
      "nature": "Accord-cadre",
      "objet": "FOURNITURE DE TESTS DE DEPISTAGE DE SUBSTANCES TOXIQUES DANS LES LIQUIDES BIOLOGIQUES.",
      "codeCPV": "33696500-0",
      "procedure": "Procédure adaptée",
      "lieuExecution": {
        "code": "59",
        "typeCode": "Code département",
        "nom": "DEPARTEMENT DU NORD"
      },
      "dureeMois": 48,
      "dateNotification": "2018-12-12+01:00",
      "datePublicationDonnees": "2018-12-13+01:00",
      "montant": 48000,
      "formePrix": "Ferme",
      "titulaires": [
        {
          "typeIdentifiant": "SIRET",
          "id": "38185159100093",
          "denominationSociale": "DIASYS DISTRIBUTION FRANCE"
        }
      ],
      "modifications": []
    }
  ]
}
