{
  "$schema": "https://raw.githubusercontent.com/etalab/format-commande-publique/master/schemas/json/paquet.json",
  "source": "data.gouv.fr_pes",
  "marches": [
    {
      "id": "2018J1168A00",
      "uid": "216901231000112018J1168A00",
      "acheteur": {
        "id": "21690123100011",
        "nom": "Ville de Lyon"
      },
      "_type": "Marché",
      "nature": "Accord-cadre",
      "objet": "Maintenance préventive et corrective des groupes froids de la ville de Lyon et du CCAS de Lyon",
      "codeCPV": "50730000-1",
      "procedure": "Appel d'offres ouvert",
      "lieuExecution": {
        "code": "69123",
        "typeCode": "Code commune",
        "nom": "A Lyon et bâtiments rattachés hors Lyon"
      },
      "dureeMois": 48,
      "dateNotification": "2018-12-10+01:00",
      "datePublicationDonnees": "2019-01-07+01:00",
      "montant": 400000,
      "formePrix": "Révisable",
      "titulaires": [
        {
          "typeIdentifiant": "SIRET",
          "id": "85480074501125",
          "denominationSociale": "ENGIE AXIMA"
        }
      ],
      "modifications": []
    }
  ]
}
