{
  "$schema": "https://raw.githubusercontent.com/etalab/format-commande-publique/master/schemas/json/paquet.json",
  "source": "data.gouv.fr_pes",
  "marches": [
    {
      "id": "2019VDN19008000",
      "uid": "210600888000152019VDN19008000",
      "acheteur": {
        "id": "21060088800015",
        "nom": "MAIRIE DE NICE"
      },
      "_type": "Marché",
      "nature": "Accord-cadre",
      "objet": "IA200 DISTRIBUTION DE DOCUMENTS NON ADRESSES EN BOITE AUX LETTRES ET POINTS DE DEPOTS SUR LA COMMUNE DE NICE",
      "codeCPV": "79824000-6",
      "procedure": "Procédure adaptée",
      "lieuExecution": {
        "code": "06364",
        "typeCode": "Code postal",
        "nom": "NICE"
      },
      "dureeMois": 6,
      "dateNotification": "2019-01-22+01:00",
      "datePublicationDonnees": "2019-01-30+01:00",
      "montant": 89000,
      "formePrix": "Ferme",
      "titulaires": [
        {
          "typeIdentifiant": "SIRET",
          "id": "31554935203660",
          "denominationSociale": "ADREXO"
        }
      ],
      "modifications": []
    }
  ]
}
