{
  "$schema": "https://raw.githubusercontent.com/etalab/format-commande-publique/master/schemas/json/paquet.json",
  "source": "data.gouv.fr_pes",
  "marches": [
    {
      "id": "20181809100200",
      "uid": "2111006980001120181809100200",
      "acheteur": {
        "id": "21110069800011",
        "nom": "COMMUNE DE CARCASSONNE"
      },
      "_type": "Marché",
      "nature": "Marché",
      "objet": "Réhabilitation des parties inscrites aux monuments historiques du groupe scolaire Jean Jaurès - Lot no 2 Menuiserie bois",
      "codeCPV": "45421150-0",
      "procedure": "Procédure adaptée",
      "lieuExecution": {
        "code": "11000",
        "typeCode": "Code postal",
        "nom": "CARCASSONNE"
      },
      "dureeMois": 13,
      "dateNotification": "2018-12-07+01:00",
      "datePublicationDonnees": "2018-12-10+01:00",
      "montant": 614566.75,
      "formePrix": "Révisable",
      "titulaires": [
        {
          "typeIdentifiant": "SIRET",
          "id": "32086170100037",
          "denominationSociale": "GOMEZ ENTREPRISE"
        }
      ],
      "modifications": []
    }
  ]
}
