{
  "$schema": "https://raw.githubusercontent.com/etalab/format-commande-publique/master/schemas/json/paquet.json",
  "source": "data.gouv.fr_pes",
  "marches": [
    {
      "id": "2018P00300",
      "uid": "200049211000102018P00300",
      "acheteur": {
        "id": "20004921100010",
        "nom": "COMMUNAUTE DE COMMUNE CONFLENT CANIGOU"
      },
      "_type": "Marché",
      "nature": "Marché",
      "objet": "Traitement VRD du site du service ordures ménagères - Prades (66500)",
      "codeCPV": "45110000-1",
      "procedure": "Procédure adaptée",
      "lieuExecution": {
        "code": "66500",
        "typeCode": "Code postal",
        "nom": "PRADES"
      },
      "dureeMois": 4,
      "dateNotification": "2018-11-26+01:00",
      "datePublicationDonnees": "2019-01-10+01:00",
      "montant": 191928.55,
      "formePrix": "Ferme et actualisable",
      "titulaires": [
        {
          "typeIdentifiant": "SIRET",
          "id": "44775408600018",
          "denominationSociale": "GUINTOLI"
        }
      ],
      "modifications": []
    }
  ]
}
