{
  "$schema": "https://raw.githubusercontent.com/etalab/format-commande-publique/master/schemas/json/paquet.json",
  "source": "data.gouv.fr_pes",
  "marches": [
    {
      "id": "2018219200",
      "uid": "219740156000192018219200",
      "acheteur": {
        "id": "21974015600019",
        "nom": "BUDG.PRINC. VILLE DE SAINT PAUL"
      },
      "_type": "Marché",
      "nature": "Marché",
      "objet": "REHAB EGLISE ST PAUL CENTRE OSSATURE METALLIQUE - REHAB EGLISE ST PAUL CENTRE OSSATURE METALLIQUE",
      "codeCPV": "45260000-7",
      "procedure": "Procédure adaptée",
      "lieuExecution": {
        "code": "97460",
        "typeCode": "Code postal",
        "nom": "SAINT PAUL"
      },
      "dureeMois": 22,
      "dateNotification": "2018-11-13+03:00",
      "datePublicationDonnees": "2019-01-11+03:00",
      "montant": 34901,
      "formePrix": "Révisable",
      "titulaires": [
        {
          "typeIdentifiant": "SIRET",
          "id": "81845071000012",
          "denominationSociale": "ETHEVE ENTREPRISE"
        }
      ],
      "modifications": []
    },
    {
      "id": "2018220400",
      "uid": "219740156000192018220400",
      "acheteur": {
        "id": "21974015600019",
        "nom": "BUDG.PRINC. VILLE DE SAINT PAUL"
      },
      "_type": "Marché",
      "nature": "Marché",
      "objet": "REHAB EGLISE ST PAUL CENTRE BOIS - REHAB EGLISE ST PAUL CENTRE BOIS",
      "codeCPV": "45260000-7",
      "procedure": "Procédure adaptée",
      "lieuExecution": {
        "code": "97460",
        "typeCode": "Code postal",
        "nom": "SAINT PAUL"
      },
      "dureeMois": 22,
      "dateNotification": "2018-11-15+03:00",
      "datePublicationDonnees": "2019-01-11+03:00",
      "montant": 659911.46,
      "formePrix": "Révisable",
      "titulaires": [
        {
          "typeIdentifiant": "SIRET",
          "id": "32621613200018",
          "denominationSociale": "ASSELIN"
        }
      ],
      "modifications": []
    },
    {
      "id": "2018218100",
      "uid": "219740156000192018218100",
      "acheteur": {
        "id": "21974015600019",
        "nom": "BUDG.PRINC. VILLE DE SAINT PAUL"
      },
      "_type": "Marché",
      "nature": "Marché",
      "objet": "REHAB EGLISE ST PAUL CENTRE  - REHAB EGLISE ST PAUL CENTRE ",
      "codeCPV": "44111400-5",
      "procedure": "Procédure adaptée",
      "lieuExecution": {
        "code": "97460",
        "typeCode": "Code postal",
        "nom": "SAINT PAUL"
      },
      "dureeMois": 22,
      "dateNotification": "2018-11-13+03:00",
      "datePublicationDonnees": "2019-01-11+03:00",
      "montant": 320901.3,
      "formePrix": "Révisable",
      "titulaires": [
        {
          "typeIdentifiant": "SIRET",
          "id": "79289914800011",
          "denominationSociale": "SPP"
        },
        {
          "typeIdentifiant": "SIRET",
          "id": "43149881500049",
          "denominationSociale": "TTS TOUS TRAVAUX SPECIAUX"
        }
      ],
      "modifications": []
    },
    {
      "id": "201821700",
      "uid": "21974015600019201821700",
      "acheteur": {
        "id": "21974015600019",
        "nom": "BUDG.PRINC. VILLE DE SAINT PAUL"
      },
      "_type": "Marché",
      "nature": "Marché",
      "objet": "REHAB EGLISE ST PAUL ECHAFAUDAGE",
      "codeCPV": "44212310-5",
      "procedure": "Procédure adaptée",
      "lieuExecution": {
        "code": "97460",
        "typeCode": "Code postal",
        "nom": "SAINT PAUL"
      },
      "dureeMois": 22,
      "dateNotification": "2018-11-13+03:00",
      "datePublicationDonnees": "2019-01-11+03:00",
      "montant": 103512,
      "formePrix": "Révisable",
      "titulaires": [
        {
          "typeIdentifiant": "SIRET",
          "id": "49152088800018",
          "denominationSociale": "SECURITE PRESTAT MAT BATIMENT"
        }
      ],
      "modifications": []
    }
  ]
}
