{
  "$schema": "https://raw.githubusercontent.com/etalab/format-commande-publique/master/schemas/json/paquet.json",
  "source": "data.gouv.fr_pes",
  "marches": [
    {
      "id": "20192019020200",
      "uid": "2144003680001220192019020200",
      "acheteur": {
        "id": "21440036800012",
        "nom": "VILLE DE CHATEAUBRIANT"
      },
      "_type": "Marché",
      "nature": "Marché",
      "objet": "LOT2 ENTRETIEN DES ESPACES VERTS AUTRES LIEUX PUBLICS",
      "codeCPV": "77313000-7",
      "procedure": "Procédure adaptée",
      "lieuExecution": {
        "code": "44146",
        "typeCode": "Code postal",
        "nom": "CHATEAUBRIANT CEDEX"
      },
      "dureeMois": 24,
      "dateNotification": "2019-01-01+01:00",
      "datePublicationDonnees": "2019-01-23+01:00",
      "montant": 130894.76,
      "formePrix": "Révisable",
      "titulaires": [
        {
          "typeIdentifiant": "SIRET",
          "id": "77560540500122",
          "denominationSociale": "ATELIERS DE LA MEE ESAT ADAPEI"
        }
      ],
      "modifications": []
    },
    {
      "id": "20192019020300",
      "uid": "2144003680001220192019020300",
      "acheteur": {
        "id": "21440036800012",
        "nom": "VILLE DE CHATEAUBRIANT"
      },
      "_type": "Marché",
      "nature": "Marché",
      "objet": "LOT3 ENTRETIEN DES RUISSEAUX AERIENS ET SOUTERRAINS",
      "codeCPV": "50000000-5",
      "procedure": "Procédure adaptée",
      "lieuExecution": {
        "code": "44146",
        "typeCode": "Code postal",
        "nom": "CHATEAUBRIANT CEDEX"
      },
      "dureeMois": 24,
      "dateNotification": "2019-01-01+01:00",
      "datePublicationDonnees": "2019-01-23+01:00",
      "montant": 57717,
      "formePrix": "Révisable",
      "titulaires": [
        {
          "typeIdentifiant": "SIRET",
          "id": "77560540500122",
          "denominationSociale": "ATELIERS DE LA MEE ESAT ADAPEI"
        }
      ],
      "modifications": []
    }
  ]
}
