{
  "$schema": "https://raw.githubusercontent.com/etalab/format-commande-publique/master/schemas/json/paquet.json",
  "source": "data.gouv.fr_pes",
  "marches": [
    {
      "id": "2018V18044",
      "uid": "214900995000172018V18044",
      "acheteur": {
        "id": "21490099500017",
        "nom": "VILLE DE CHOLET"
      },
      "_type": "Marché",
      "nature": "Accord-cadre",
      "objet": "TRAVAUX DE SIGNALISATION VERTICALE ET HORIZONTALE ET POSE DE MOBILIER URBAIN 2018/2021",
      "codeCPV": "34942000-2",
      "procedure": "Procédure adaptée",
      "lieuExecution": {
        "code": "49321",
        "typeCode": "Code postal",
        "nom": "CHOLET CEDEX"
      },
      "dureeMois": 12,
      "dateNotification": "2018-10-04+02:00",
      "datePublicationDonnees": "2018-10-10+02:00",
      "montant": 200000,
      "formePrix": "Révisable",
      "titulaires": [
        {
          "typeIdentifiant": "SIRET",
          "id": "32902082000042",
          "denominationSociale": "ESVIA SAS"
        }
      ],
      "modifications": []
    }
  ]
}
