{
  "$schema": "https://raw.githubusercontent.com/etalab/format-commande-publique/master/schemas/json/paquet.json",
  "source": "data.gouv.fr_pes",
  "marches": [
    {
      "id": "2019FL2-FOURAD00",
      "uid": "200066884000122019FL2-FOURAD00",
      "acheteur": {
        "id": "20006688400012",
        "nom": "COMMUNAUTE DE COMMUNES QUERCY VERT AVE"
      },
      "_type": "Marché",
      "nature": "Accord-cadre",
      "objet": "ACCORD ACDRE PORTANT SUR L'ACHAT DES FOURNITURES ADMINISTRATIVES LOT No2 FOURNITURE DE BUREAU ET CONSOMMABLES",
      "codeCPV": "30190000-7",
      "procedure": "Procédure adaptée",
      "lieuExecution": {
        "code": "82800",
        "typeCode": "Code postal",
        "nom": "Nègrepelisse"
      },
      "dureeMois": 48,
      "dateNotification": "2019-01-16+01:00",
      "datePublicationDonnees": "2019-01-18+01:00",
      "montant": 32042.26,
      "formePrix": "Ferme",
      "titulaires": [
        {
          "typeIdentifiant": "SIRET",
          "id": "44455346500014",
          "denominationSociale": "LACOSTE BUREAU ECOLE"
        }
      ],
      "modifications": []
    },
    {
      "id": "2019FL1-FOURAD00",
      "uid": "200066884000122019FL1-FOURAD00",
      "acheteur": {
        "id": "20006688400012",
        "nom": "COMMUNAUTE DE COMMUNES QUERCY VERT AVE"
      },
      "_type": "Marché",
      "nature": "Accord-cadre",
      "objet": "ACCORD ACDRE PORTANT SUR L'ACHAT DES FOURNITURES ADMINISTRATIVES LOT No1 PAPIER",
      "codeCPV": "30190000-7",
      "procedure": "Procédure adaptée",
      "lieuExecution": {
        "code": "82800",
        "typeCode": "Code postal",
        "nom": "Nègrepelisse"
      },
      "dureeMois": 48,
      "dateNotification": "2019-01-16+01:00",
      "datePublicationDonnees": "2019-01-18+01:00",
      "montant": 30229.48,
      "formePrix": "Ferme",
      "titulaires": [
        {
          "typeIdentifiant": "SIRET",
          "id": "44455346500014",
          "denominationSociale": "LACOSTE BUREAU ECOLE"
        }
      ],
      "modifications": []
    },
    {
      "id": "2019F-FOURADMG00",
      "uid": "200066884000122019F-FOURADMG00",
      "acheteur": {
        "id": "20006688400012",
        "nom": "COMMUNAUTE DE COMMUNES QUERCY VERT AVE"
      },
      "_type": "Marché",
      "nature": "Accord-cadre",
      "objet": "ACCORD-CADRE PORTANT SUR LES ACHATS DE FOURNITURES ADMINISTRATIVES",
      "codeCPV": "30190000-7",
      "procedure": "Procédure adaptée",
      "lieuExecution": {
        "code": "82800",
        "typeCode": "Code postal",
        "nom": "Nègrepelisse"
      },
      "dureeMois": 48,
      "dateNotification": "2019-01-16+01:00",
      "datePublicationDonnees": "2019-01-18+01:00",
      "montant": 62271.74,
      "formePrix": "Ferme",
      "titulaires": [
        {
          "typeIdentifiant": "SIRET",
          "id": "44455346500014",
          "denominationSociale": "LACOSTE BUREAU ECOLE"
        }
      ],
      "modifications": []
    }
  ]
}
