{
  "$schema": "https://raw.githubusercontent.com/etalab/format-commande-publique/master/schemas/json/paquet.json",
  "source": "data.gouv.fr_pes",
  "marches": [
    {
      "id": "2018300021SI00",
      "uid": "228400016000172018300021SI00",
      "acheteur": {
        "id": "22840001600017",
        "nom": "BUDGET PRINCIPAL"
      },
      "_type": "Marché",
      "nature": "Accord-cadre",
      "objet": "MAINTENANCE DU PROGICIEL ASTRE GF ",
      "codeCPV": "72267000-4",
      "procedure": "Procédure adaptée",
      "lieuExecution": {
        "code": "84",
        "typeCode": "Code département",
        "nom": "Département de Vaucluse"
      },
      "dureeMois": 48,
      "dateNotification": "2018-11-07+01:00",
      "datePublicationDonnees": "2019-01-15+01:00",
      "montant": 220000,
      "formePrix": "Révisable",
      "titulaires": [
        {
          "typeIdentifiant": "SIRET",
          "id": "34054699300320",
          "denominationSociale": "GFI PROGICIELS"
        }
      ],
      "modifications": []
    }
  ]
}
