{
  "$schema": "https://raw.githubusercontent.com/etalab/format-commande-publique/master/schemas/json/paquet.json",
  "source": "data.gouv.fr_pes",
  "marches": [
    {
      "id": "20181813200",
      "uid": "2164010260036620181813200",
      "acheteur": {
        "id": "21640102600366",
        "nom": "VILLE DE BAYONNE"
      },
      "_type": "Marché",
      "nature": "Marché",
      "objet": "RENFT DE L'EXECUTOIREDU CANAL DE L'ETANG NIVEAU DU CLAPET 3",
      "codeCPV": "45246100-4",
      "procedure": "Procédure adaptée",
      "lieuExecution": {
        "code": "64109",
        "typeCode": "Code postal",
        "nom": "BAYONNE CEDEX"
      },
      "dureeMois": 1,
      "dateNotification": "2018-11-23+01:00",
      "datePublicationDonnees": "2019-01-17+01:00",
      "montant": 74204,
      "formePrix": "Ferme",
      "titulaires": [
        {
          "typeIdentifiant": "SIRET",
          "id": "39940901000010",
          "denominationSociale": "B T P S PAYS BASQUE ADOUR"
        }
      ],
      "modifications": []
    },
    {
      "id": "20181813900",
      "uid": "2164010260036620181813900",
      "acheteur": {
        "id": "21640102600366",
        "nom": "VILLE DE BAYONNE"
      },
      "_type": "Marché",
      "nature": "Marché",
      "objet": "TRAVAUX DE PIETONNISATION DE LA RUE DE L'ESTE",
      "codeCPV": "90611000-3",
      "procedure": "Procédure adaptée",
      "lieuExecution": {
        "code": "64109",
        "typeCode": "Code postal",
        "nom": "BAYONNE CEDEX"
      },
      "dureeMois": 4,
      "dateNotification": "2018-12-26+01:00",
      "datePublicationDonnees": "2019-01-17+01:00",
      "montant": 89191.11,
      "formePrix": "Ferme",
      "titulaires": [
        {
          "typeIdentifiant": "SIRET",
          "id": "32940521101435",
          "denominationSociale": "COLAS SUD OUEST"
        }
      ],
      "modifications": []
    },
    {
      "id": "20181813500",
      "uid": "2164010260036620181813500",
      "acheteur": {
        "id": "21640102600366",
        "nom": "VILLE DE BAYONNE"
      },
      "_type": "Marché",
      "nature": "Marché",
      "objet": "ECOQUARTIER DU SEQUE LOT 7 : MENUISERIES INTERIEURES",
      "codeCPV": "45421000-4",
      "procedure": "Procédure adaptée",
      "lieuExecution": {
        "code": "64109",
        "typeCode": "Code postal",
        "nom": "BAYONNE CEDEX"
      },
      "dureeMois": 11,
      "dateNotification": "2018-12-20+01:00",
      "datePublicationDonnees": "2019-01-17+01:00",
      "montant": 54902.54,
      "formePrix": "Révisable",
      "titulaires": [
        {
          "typeIdentifiant": "SIRET",
          "id": "57272071200031",
          "denominationSociale": "MENUISERIE ENTSIA"
        }
      ],
      "modifications": []
    },
    {
      "id": "20181813100",
      "uid": "2164010260036620181813100",
      "acheteur": {
        "id": "21640102600366",
        "nom": "VILLE DE BAYONNE"
      },
      "_type": "Marché",
      "nature": "Marché",
      "objet": "TRAVX DE SECURISATION DE DEVITALISATION REMPARTS BAYONNE",
      "codeCPV": "77312100-1",
      "procedure": "Procédure adaptée",
      "lieuExecution": {
        "code": "64109",
        "typeCode": "Code postal",
        "nom": "BAYONNE CEDEX"
      },
      "dureeMois": 1,
      "dateNotification": "2018-11-23+01:00",
      "datePublicationDonnees": "2019-01-17+01:00",
      "montant": 67200,
      "formePrix": "Ferme",
      "titulaires": [
        {
          "typeIdentifiant": "SIRET",
          "id": "49298879500034",
          "denominationSociale": "SARL RIVAS"
        }
      ],
      "modifications": []
    }
  ]
}
