{
  "$schema": "https://raw.githubusercontent.com/etalab/format-commande-publique/master/schemas/json/paquet.json",
  "source": "data.gouv.fr_pes",
  "marches": [
    {
      "id": "20181000",
      "uid": "2159034360001620181000",
      "acheteur": {
        "id": "21590343600016",
        "nom": "LESQUIN"
      },
      "_type": "Marché",
      "nature": "Marché",
      "objet": "ASSURANCE RISQUES STATUTAIRES",
      "codeCPV": "66512000-2",
      "procedure": "Appel d'offres ouvert",
      "lieuExecution": {
        "code": "59814",
        "typeCode": "Code postal",
        "nom": "Lesquin"
      },
      "dureeMois": 36,
      "dateNotification": "2019-01-11+01:00",
      "datePublicationDonnees": "2019-01-18+01:00",
      "montant": 228766.8,
      "formePrix": "Ferme",
      "titulaires": [
        {
          "typeIdentifiant": "SIRET",
          "id": "33517109600035",
          "denominationSociale": "SOFAXIS"
        }
      ],
      "modifications": []
    }
  ]
}
