{
  "$schema": "https://raw.githubusercontent.com/etalab/format-commande-publique/master/schemas/json/paquet.json",
  "source": "data.gouv.fr_pes",
  "marches": [
    {
      "id": "2018259",
      "uid": "285900015000552018259",
      "acheteur": {
        "id": "28590001500055",
        "nom": "SDIS DU NORD - BUDGET PRINCIPA"
      },
      "_type": "Marché",
      "nature": "Marché",
      "objet": "ACCORD CADRE A BONS DE COMMANDE POUR DES MISSIONS DE CONDUITE D OPERATION",
      "codeCPV": "71541000-2",
      "procedure": "Procédure adaptée",
      "lieuExecution": {
        "code": "59",
        "typeCode": "Code département",
        "nom": "DEPARTEMENT DU NORD"
      },
      "dureeMois": 36,
      "dateNotification": "2018-10-11+02:00",
      "datePublicationDonnees": "2018-10-26+02:00",
      "montant": 205000,
      "formePrix": "Ferme",
      "titulaires": [
        {
          "typeIdentifiant": "SIRET",
          "id": "43325083400846",
          "denominationSociale": "DEKRA INDUSTRIAL"
        },
        {
          "typeIdentifiant": "SIRET",
          "id": "42154744900023",
          "denominationSociale": "VERDI CONSEIL NDF"
        }
      ],
      "modifications": []
    }
  ]
}
