{
  "$schema": "https://raw.githubusercontent.com/etalab/format-commande-publique/master/schemas/json/paquet.json",
  "source": "data.gouv.fr_pes",
  "marches": [
    {
      "id": "2018202800",
      "uid": "219740156000192018202800",
      "acheteur": {
        "id": "21974015600019",
        "nom": "BUDG.PRINC. VILLE DE SAINT PAUL"
      },
      "_type": "Marché",
      "nature": "Marché",
      "objet": "ECOLE JASMIN ROBERT PLOMBERIE - ECOLE JASMIN ROBERT PLOMBERIE",
      "codeCPV": "45210000-2",
      "procedure": "Procédure adaptée",
      "lieuExecution": {
        "code": "97460",
        "typeCode": "Code postal",
        "nom": "SAINT PAUL"
      },
      "dureeMois": 12,
      "dateNotification": "2018-11-06+03:00",
      "datePublicationDonnees": "2018-12-11+03:00",
      "montant": 47770.14,
      "formePrix": "Ferme",
      "titulaires": [
        {
          "typeIdentifiant": "SIRET",
          "id": "80427848900013",
          "denominationSociale": "DLA BATIMENT"
        }
      ],
      "modifications": []
    },
    {
      "id": "201821600",
      "uid": "21974015600019201821600",
      "acheteur": {
        "id": "21974015600019",
        "nom": "BUDG.PRINC. VILLE DE SAINT PAUL"
      },
      "_type": "Marché",
      "nature": "Accord-cadre",
      "objet": "IMPRESSION M SOUS PLI ET ENVOI POSTAL",
      "codeCPV": "79800000-2",
      "procedure": "Appel d'offres ouvert",
      "lieuExecution": {
        "code": "97460",
        "typeCode": "Code postal",
        "nom": "SAINT PAUL"
      },
      "dureeMois": 48,
      "dateNotification": "2018-11-05+03:00",
      "datePublicationDonnees": "2018-12-19+03:00",
      "montant": 100000,
      "formePrix": "Ferme",
      "titulaires": [
        {
          "typeIdentifiant": "SIRET",
          "id": "80891345300029",
          "denominationSociale": "HANDIRECT"
        }
      ],
      "modifications": []
    },
    {
      "id": "2018194200",
      "uid": "219740156000192018194200",
      "acheteur": {
        "id": "21974015600019",
        "nom": "BUDG.PRINC. VILLE DE SAINT PAUL"
      },
      "_type": "Marché",
      "nature": "Accord-cadre",
      "objet": "PREST SONORISAT ET ECLAIRAGE SCENIQUES - FESTIVITES DIVERSES",
      "codeCPV": "32342410-9",
      "procedure": "Appel d'offres ouvert",
      "lieuExecution": {
        "code": "97460",
        "typeCode": "Code postal",
        "nom": "SAINT PAUL"
      },
      "dureeMois": 12,
      "dateNotification": "2018-10-23+03:00",
      "datePublicationDonnees": "2018-10-30+03:00",
      "montant": 60000,
      "formePrix": "Ferme",
      "titulaires": [
        {
          "typeIdentifiant": "SIRET",
          "id": "44892552900027",
          "denominationSociale": "TROPICAL SOUND"
        }
      ],
      "modifications": []
    }
  ]
}
