{
  "$schema": "https://raw.githubusercontent.com/etalab/format-commande-publique/master/schemas/json/paquet.json",
  "source": "data.gouv.fr_pes",
  "marches": [
    {
      "id": "2018C1807400",
      "uid": "200071678000112018C1807400",
      "acheteur": {
        "id": "20007167800011",
        "nom": "AGGLOMERATION DU CHOLETAIS"
      },
      "_type": "Marché",
      "nature": "Marché",
      "objet": "LOT 1 ASSURANCE DES DOMMAGES AUX BIENS ET DES RISQUES ANNEXES - SERVICES D ASSURANCES 2019-2023",
      "codeCPV": "66515000-3",
      "procedure": "Appel d'offres ouvert",
      "lieuExecution": {
        "code": "49321",
        "typeCode": "Code postal",
        "nom": "CHOLET CEDEX"
      },
      "dureeMois": 60,
      "dateNotification": "2018-10-31+01:00",
      "datePublicationDonnees": "2018-12-04+01:00",
      "montant": 316205.3,
      "formePrix": "Révisable",
      "titulaires": [
        {
          "typeIdentifiant": "SIRET",
          "id": "38384469300887",
          "denominationSociale": "GROUPAMA LOIRE BRETAGNE"
        }
      ],
      "modifications": []
    },
    {
      "id": "2018C1807500",
      "uid": "200071678000112018C1807500",
      "acheteur": {
        "id": "20007167800011",
        "nom": "AGGLOMERATION DU CHOLETAIS"
      },
      "_type": "Marché",
      "nature": "Marché",
      "objet": "LOT 2 ASSURANCE DES RESPONSABILITES ET RISQUES ANNEXES - SERVICES D ASSURANCES 2019-2023",
      "codeCPV": "66516000-0",
      "procedure": "Appel d'offres ouvert",
      "lieuExecution": {
        "code": "49321",
        "typeCode": "Code postal",
        "nom": "CHOLET CEDEX"
      },
      "dureeMois": 60,
      "dateNotification": "2018-10-31+01:00",
      "datePublicationDonnees": "2018-12-04+01:00",
      "montant": 147826.8,
      "formePrix": "Révisable",
      "titulaires": [
        {
          "typeIdentifiant": "SIRET",
          "id": "30130960500410",
          "denominationSociale": "SMACL"
        }
      ],
      "modifications": []
    },
    {
      "id": "2018C1807600",
      "uid": "200071678000112018C1807600",
      "acheteur": {
        "id": "20007167800011",
        "nom": "AGGLOMERATION DU CHOLETAIS"
      },
      "_type": "Marché",
      "nature": "Marché",
      "objet": "LOT 3 ASSURANCES DES VEHICULES ET DES RISQUES ANNEXES - SERVICES D ASSURANCES 2019-2023",
      "codeCPV": "66514110-0",
      "procedure": "Appel d'offres ouvert",
      "lieuExecution": {
        "code": "49321",
        "typeCode": "Code postal",
        "nom": "CHOLET CEDEX"
      },
      "dureeMois": 60,
      "dateNotification": "2018-10-31+01:00",
      "datePublicationDonnees": "2018-12-04+01:00",
      "montant": 115915,
      "formePrix": "Révisable",
      "titulaires": [
        {
          "typeIdentifiant": "SIRET",
          "id": "35017183100042",
          "denominationSociale": "ASSURANCES SECURITE"
        }
      ],
      "modifications": []
    },
    {
      "id": "2018C1807800",
      "uid": "200071678000112018C1807800",
      "acheteur": {
        "id": "20007167800011",
        "nom": "AGGLOMERATION DU CHOLETAIS"
      },
      "_type": "Marché",
      "nature": "Marché",
      "objet": "LOT 5 ASSURANCES DES PRESTATIONS STATUTAIRES - SERVICES D ASSURANCES 2019-2023",
      "codeCPV": "66512000-2",
      "procedure": "Appel d'offres ouvert",
      "lieuExecution": {
        "code": "49321",
        "typeCode": "Code postal",
        "nom": "CHOLET CEDEX"
      },
      "dureeMois": 60,
      "dateNotification": "2018-10-31+01:00",
      "datePublicationDonnees": "2018-12-04+01:00",
      "montant": 613110.75,
      "formePrix": "Révisable",
      "titulaires": [
        {
          "typeIdentifiant": "SIRET",
          "id": "31124863700937",
          "denominationSociale": "GRAS SAVOYE OUEST"
        }
      ],
      "modifications": []
    }
  ]
}
