{
  "$schema": "https://raw.githubusercontent.com/etalab/format-commande-publique/master/schemas/json/paquet.json",
  "source": "data.gouv.fr_pes",
  "marches": [
    {
      "id": "2018178200",
      "uid": "200066793000152018178200",
      "acheteur": {
        "id": "20006679300015",
        "nom": "GRAND ANNECY"
      },
      "_type": "Marché",
      "nature": "Marché",
      "objet": "LOT 01A TERRASSEMENT VRD",
      "codeCPV": "45112500-0",
      "procedure": "Procédure adaptée",
      "lieuExecution": {
        "code": "74007",
        "typeCode": "Code postal",
        "nom": "ANNECY CEDEX"
      },
      "dureeMois": 15,
      "dateNotification": "2018-11-19+01:00",
      "datePublicationDonnees": "2019-01-22+01:00",
      "montant": 457388.29,
      "formePrix": "Ferme",
      "titulaires": [
        {
          "typeIdentifiant": "SIRET",
          "id": "32652078000031",
          "denominationSociale": "MITHIEUX TP"
        }
      ],
      "modifications": []
    }
  ]
}
