{
  "$schema": "https://raw.githubusercontent.com/etalab/format-commande-publique/master/schemas/json/paquet.json",
  "source": "data.gouv.fr_pes",
  "marches": [
    {
      "id": "201900100",
      "uid": "28590001500055201900100",
      "acheteur": {
        "id": "28590001500055",
        "nom": "SDIS DU NORD - BUDGET PRINCIPA"
      },
      "_type": "Marché",
      "nature": "Accord-cadre",
      "objet": "FOURNITURE DE PIECES DETACHEES, D'OUTILLAGE ET DE DOCUMENTATION TECHNIQUE POUR LE PARC DE SYSTEMES DE DOSAGE ET PRESTATIONS ASSOCIEES (ENTRETIEN, REPARATION ET TRANSFERT DE COMPETENCES)",
      "codeCPV": "35111510-3",
      "procedure": "Marché négocié sans publicité ni mise en concurrence préalable",
      "lieuExecution": {
        "code": "59",
        "typeCode": "Code département",
        "nom": "DEPARTEMENT DU NORD"
      },
      "dureeMois": 48,
      "dateNotification": "2019-01-17+01:00",
      "datePublicationDonnees": "2019-01-17+01:00",
      "montant": 120000,
      "formePrix": "Ferme",
      "titulaires": [
        {
          "typeIdentifiant": "SIRET",
          "id": "34752282300025",
          "denominationSociale": "CTD PULVERISATION"
        }
      ],
      "modifications": []
    }
  ]
}
