{
  "$schema": "https://raw.githubusercontent.com/etalab/format-commande-publique/master/schemas/json/paquet.json",
  "source": "data.gouv.fr_pes",
  "marches": [
    {
      "id": "2018005400",
      "uid": "269740395000182018005400",
      "acheteur": {
        "id": "26974039500018",
        "nom": "CDE BUDGET PRINCIPAL"
      },
      "_type": "Marché",
      "nature": "Accord-cadre",
      "objet": "CONSOMMABLES POUR IMPRIMANTES ET CARTOUCHES FAX - CONSOMMABLES POUR IMPRIMANTES ET CARTOUCHES FAX",
      "codeCPV": "30192113-6",
      "procedure": "Appel d'offres ouvert",
      "lieuExecution": {
        "code": "97460",
        "typeCode": "Code postal",
        "nom": "SAINT PAUL"
      },
      "dureeMois": 48,
      "dateNotification": "2018-10-22+03:00",
      "datePublicationDonnees": "2018-10-25+03:00",
      "montant": 60000,
      "formePrix": "Ferme",
      "titulaires": [
        {
          "typeIdentifiant": "SIRET",
          "id": "51175532400031",
          "denominationSociale": "ENCRE DISTRIBUTION"
        }
      ],
      "modifications": []
    },
    {
      "id": "2018003200",
      "uid": "269740395000182018003200",
      "acheteur": {
        "id": "26974039500018",
        "nom": "CDE BUDGET PRINCIPAL"
      },
      "_type": "Marché",
      "nature": "Accord-cadre",
      "objet": "ACQ ET MAINT PHOTOCOPIEURS NOIR ET BLANC - ACQ ET MAINT PHOTOCOPIEURS NOIR ET BLANC",
      "codeCPV": "30121100-4",
      "procedure": "Appel d'offres ouvert",
      "lieuExecution": {
        "code": "97460",
        "typeCode": "Code postal",
        "nom": "SAINT PAUL"
      },
      "dureeMois": 48,
      "dateNotification": "2018-10-18+03:00",
      "datePublicationDonnees": "2018-10-25+03:00",
      "montant": 50000,
      "formePrix": "Ferme",
      "titulaires": [
        {
          "typeIdentifiant": "SIRET",
          "id": "32397357800038",
          "denominationSociale": "SAM BUREAUTIQUE"
        }
      ],
      "modifications": []
    },
    {
      "id": "2018002100",
      "uid": "269740395000182018002100",
      "acheteur": {
        "id": "26974039500018",
        "nom": "CDE BUDGET PRINCIPAL"
      },
      "_type": "Marché",
      "nature": "Accord-cadre",
      "objet": "ACQ ET MAINT PHOTOCOPIEURS - ACQ ET MAINT PHOTOCOPIEURS",
      "codeCPV": "30121100-4",
      "procedure": "Appel d'offres ouvert",
      "lieuExecution": {
        "code": "97460",
        "typeCode": "Code postal",
        "nom": "SAINT PAUL"
      },
      "dureeMois": 48,
      "dateNotification": "2018-10-17+03:00",
      "datePublicationDonnees": "2018-10-25+03:00",
      "montant": 70000,
      "formePrix": "Ferme",
      "titulaires": [
        {
          "typeIdentifiant": "SIRET",
          "id": "39774349300058",
          "denominationSociale": "DISTRIBUR"
        }
      ],
      "modifications": []
    }
  ]
}
