{
  "$schema": "https://raw.githubusercontent.com/etalab/format-commande-publique/master/schemas/json/paquet.json",
  "source": "data.gouv.fr_pes",
  "marches": [
    {
      "id": "2018171100",
      "uid": "280200015001452018171100",
      "acheteur": {
        "id": "28020001500145",
        "nom": "SERVICE DÉPART. INCENDIE  SECOURS AISN"
      },
      "_type": "Marché",
      "nature": "Marché",
      "objet": "CONSTRUCTION DU CENTRE DE MONTCORNET - CHAUFFAGE PLOMBERIE VENTILATION",
      "codeCPV": "45232141-2",
      "procedure": "Appel d'offres ouvert",
      "lieuExecution": {
        "code": "02340",
        "typeCode": "Code postal",
        "nom": "MONTCORNET"
      },
      "dureeMois": 13,
      "dateNotification": "2018-10-29+01:00",
      "datePublicationDonnees": "2019-01-16+01:00",
      "montant": 119083,
      "formePrix": "Ferme",
      "titulaires": [
        {
          "typeIdentifiant": "SIRET",
          "id": "80483697100015",
          "denominationSociale": "COLAS PEZERIL"
        }
      ],
      "modifications": []
    },
    {
      "id": "201817500",
      "uid": "28020001500145201817500",
      "acheteur": {
        "id": "28020001500145",
        "nom": "SERVICE DÉPART. INCENDIE  SECOURS AISN"
      },
      "_type": "Marché",
      "nature": "Marché",
      "objet": "CONSTRUCTION DU CENTRE DE MONTCORNET - MENUISERIES EXTERIEURES SERRURERIE",
      "codeCPV": "45421000-4",
      "procedure": "Appel d'offres ouvert",
      "lieuExecution": {
        "code": "02340",
        "typeCode": "Code postal",
        "nom": "MONTCORNET"
      },
      "dureeMois": 13,
      "dateNotification": "2018-10-31+01:00",
      "datePublicationDonnees": "2019-01-16+01:00",
      "montant": 100669,
      "formePrix": "Ferme",
      "titulaires": [
        {
          "typeIdentifiant": "SIRET",
          "id": "45083136700039",
          "denominationSociale": "AARK"
        }
      ],
      "modifications": []
    },
    {
      "id": "201817400",
      "uid": "28020001500145201817400",
      "acheteur": {
        "id": "28020001500145",
        "nom": "SERVICE DÉPART. INCENDIE  SECOURS AISN"
      },
      "_type": "Marché",
      "nature": "Marché",
      "objet": "CONSTRUCTION DU CENTRE DE MONTCORNET - COUVERTURE ETANCHEITE BARDAGE",
      "codeCPV": "45261210-9",
      "procedure": "Appel d'offres ouvert",
      "lieuExecution": {
        "code": "02340",
        "typeCode": "Code postal",
        "nom": "MONTCORNET"
      },
      "dureeMois": 13,
      "dateNotification": "2018-10-29+01:00",
      "datePublicationDonnees": "2019-01-16+01:00",
      "montant": 132000,
      "formePrix": "Ferme",
      "titulaires": [
        {
          "typeIdentifiant": "SIRET",
          "id": "33891955800027",
          "denominationSociale": "PLASTISO"
        }
      ],
      "modifications": []
    },
    {
      "id": "201817600",
      "uid": "28020001500145201817600",
      "acheteur": {
        "id": "28020001500145",
        "nom": "SERVICE DÉPART. INCENDIE  SECOURS AISN"
      },
      "_type": "Marché",
      "nature": "Marché",
      "objet": "CONSTRUCTION DU CENTRE DE MONTCORNET - MENUISERIES INTERIEURES FAUX PLAFONDS",
      "codeCPV": "45421150-0",
      "procedure": "Appel d'offres ouvert",
      "lieuExecution": {
        "code": "02340",
        "typeCode": "Code postal",
        "nom": "MONTCORNET"
      },
      "dureeMois": 13,
      "dateNotification": "2018-11-05+01:00",
      "datePublicationDonnees": "2019-01-16+01:00",
      "montant": 44936.6,
      "formePrix": "Ferme",
      "titulaires": [
        {
          "typeIdentifiant": "SIRET",
          "id": "59168042600028",
          "denominationSociale": "LABART MENUISERIE"
        }
      ],
      "modifications": []
    },
    {
      "id": "201817100",
      "uid": "28020001500145201817100",
      "acheteur": {
        "id": "28020001500145",
        "nom": "SERVICE DÉPART. INCENDIE  SECOURS AISN"
      },
      "_type": "Marché",
      "nature": "Marché",
      "objet": "CONSTRUCTION DU CENTRE DE MONTCORNET - VRD",
      "codeCPV": "45111230-9",
      "procedure": "Appel d'offres ouvert",
      "lieuExecution": {
        "code": "02340",
        "typeCode": "Code postal",
        "nom": "MONTCORNET"
      },
      "dureeMois": 13,
      "dateNotification": "2018-11-06+01:00",
      "datePublicationDonnees": "2019-01-16+01:00",
      "montant": 142725,
      "formePrix": "Ferme",
      "titulaires": [
        {
          "typeIdentifiant": "SIRET",
          "id": "35057094100020",
          "denominationSociale": "C.G.C.R"
        }
      ],
      "modifications": []
    },
    {
      "id": "201817300",
      "uid": "28020001500145201817300",
      "acheteur": {
        "id": "28020001500145",
        "nom": "SERVICE DÉPART. INCENDIE  SECOURS AISN"
      },
      "_type": "Marché",
      "nature": "Marché",
      "objet": "CONSTRUCTION DU CENTRE DE MONTCORNET - CHARPENTE METALLIQUE",
      "codeCPV": "45261100-5",
      "procedure": "Appel d'offres ouvert",
      "lieuExecution": {
        "code": "02340",
        "typeCode": "Code postal",
        "nom": "MONTCORNET"
      },
      "dureeMois": 13,
      "dateNotification": "2018-10-29+01:00",
      "datePublicationDonnees": "2019-01-16+01:00",
      "montant": 49280,
      "formePrix": "Ferme",
      "titulaires": [
        {
          "typeIdentifiant": "SIRET",
          "id": "45280775300010",
          "denominationSociale": "BAUDOUX CONSTRUCTIONS METTALIQ"
        }
      ],
      "modifications": []
    },
    {
      "id": "201817200",
      "uid": "28020001500145201817200",
      "acheteur": {
        "id": "28020001500145",
        "nom": "SERVICE DÉPART. INCENDIE  SECOURS AISN"
      },
      "_type": "Marché",
      "nature": "Marché",
      "objet": "CONSTRUCTION DU CENTRE DE MONTCORNET - GROS OEUVRE",
      "codeCPV": "45223220-4",
      "procedure": "Appel d'offres ouvert",
      "lieuExecution": {
        "code": "02340",
        "typeCode": "Code postal",
        "nom": "MONTCORNET"
      },
      "dureeMois": 13,
      "dateNotification": "2018-10-29+01:00",
      "datePublicationDonnees": "2019-01-16+01:00",
      "montant": 204995.16,
      "formePrix": "Ferme",
      "titulaires": [
        {
          "typeIdentifiant": "SIRET",
          "id": "40510072800022",
          "denominationSociale": "LEFEBVRE CHRISTIAN"
        }
      ],
      "modifications": []
    }
  ]
}
