{
  "$schema": "https://raw.githubusercontent.com/etalab/format-commande-publique/master/schemas/json/paquet.json",
  "source": "data.gouv.fr_pes",
  "marches": [
    {
      "id": "201824900",
      "uid": "21974015600019201824900",
      "acheteur": {
        "id": "21974015600019",
        "nom": "BUDG.PRINC. VILLE DE SAINT PAUL"
      },
      "_type": "Marché",
      "nature": "Accord-cadre",
      "objet": "INFRASTRUCTURE SDS DATACORE ",
      "codeCPV": "30200000-1",
      "procedure": "Procédure adaptée",
      "lieuExecution": {
        "code": "97460",
        "typeCode": "Code postal",
        "nom": "SAINT PAUL"
      },
      "dureeMois": 48,
      "dateNotification": "2018-12-27+03:00",
      "datePublicationDonnees": "2019-01-22+03:00",
      "montant": 144500.33,
      "formePrix": "Révisable",
      "titulaires": [
        {
          "typeIdentifiant": "SIRET",
          "id": "53301087200026",
          "denominationSociale": "INFODOM"
        }
      ],
      "modifications": []
    },
    {
      "id": "2018222300",
      "uid": "219740156000192018222300",
      "acheteur": {
        "id": "21974015600019",
        "nom": "BUDG.PRINC. VILLE DE SAINT PAUL"
      },
      "_type": "Marché",
      "nature": "Marché",
      "objet": "EGLISE ST PAUL CENTRE GOUTIERES ZINC - EGLISE ST PAUL CENTRE GOUTIERES ZINC",
      "codeCPV": "14713000-2",
      "procedure": "Procédure adaptée",
      "lieuExecution": {
        "code": "97460",
        "typeCode": "Code postal",
        "nom": "SAINT PAUL"
      },
      "dureeMois": 22,
      "dateNotification": "2018-11-13+03:00",
      "datePublicationDonnees": "2019-01-11+03:00",
      "montant": 138326.47,
      "formePrix": "Révisable",
      "titulaires": [
        {
          "typeIdentifiant": "SIRET",
          "id": "38508191400033",
          "denominationSociale": "ECIS"
        }
      ],
      "modifications": []
    }
  ]
}
