{
  "$schema": "https://raw.githubusercontent.com/etalab/format-commande-publique/master/schemas/json/paquet.json",
  "source": "data.gouv.fr_pes",
  "marches": [
    {
      "id": "20181813400",
      "uid": "2164010260044020181813400",
      "acheteur": {
        "id": "21640102600440",
        "nom": "VILLE DE BAYONNE"
      },
      "_type": "Marché",
      "nature": "Marché",
      "objet": "ORGANISATION SPECTACLES TAURINS 2019 2020 2021",
      "codeCPV": "79110000-8",
      "procedure": "Procédure adaptée",
      "lieuExecution": {
        "code": "64109",
        "typeCode": "Code postal",
        "nom": "BAYONNE CEDEX"
      },
      "dureeMois": 36,
      "dateNotification": "2018-11-28+01:00",
      "datePublicationDonnees": "2018-12-13+01:00",
      "montant": 175200,
      "formePrix": "Révisable",
      "titulaires": [
        {
          "typeIdentifiant": "TVA",
          "id": "ESB85535615",
          "denominationSociale": "TOMEFRA SLU"
        }
      ],
      "modifications": []
    }
  ]
}
