{
  "$schema": "https://raw.githubusercontent.com/etalab/format-commande-publique/master/schemas/json/paquet.json",
  "source": "data.gouv.fr_pes",
  "marches": [
    {
      "id": "2018MAPA062/0300",
      "uid": "200030708000162018MAPA062/0300",
      "acheteur": {
        "id": "20003070800016",
        "nom": "GROUPE EPHESE"
      },
      "_type": "Marché",
      "nature": "Marché",
      "objet": "Menuiserie ext alu, portes métalliques et sectionnelles",
      "codeCPV": "45211350-7",
      "procedure": "Procédure adaptée",
      "lieuExecution": {
        "code": "02350",
        "typeCode": "Code postal",
        "nom": "Liesse-Notre-Dame"
      },
      "dureeMois": 10,
      "dateNotification": "2018-08-27+02:00",
      "datePublicationDonnees": "2019-01-25+01:00",
      "montant": 71171,
      "formePrix": "Ferme",
      "titulaires": [
        {
          "typeIdentifiant": "SIRET",
          "id": "39218013900025",
          "denominationSociale": "SAM METAL"
        }
      ],
      "modifications": []
    }
  ]
}
