{
  "$schema": "https://raw.githubusercontent.com/etalab/format-commande-publique/master/schemas/json/paquet.json",
  "source": "data.gouv.fr_pes",
  "marches": [
    {
      "id": "20181807200",
      "uid": "2167018050001420181807200",
      "acheteur": {
        "id": "21670180500014",
        "nom": "HAGUENAU BP"
      },
      "_type": "Marché",
      "nature": "Marché",
      "objet": "PARC DES SPORTS TRAVAUX DE RESTRUCTURATION DES EQUIPEMENTS SPORTIF  MOE",
      "codeCPV": "71241000-9",
      "procedure": "Procédure adaptée",
      "lieuExecution": {
        "code": "67180",
        "typeCode": "Code commune",
        "nom": "HAGUENAU"
      },
      "dureeMois": 3,
      "dateNotification": "2018-11-22+01:00",
      "datePublicationDonnees": "2018-09-26+02:00",
      "montant": 28990,
      "formePrix": "Ferme",
      "titulaires": [
        {
          "typeIdentifiant": "SIRET",
          "id": "32054440600111",
          "denominationSociale": "SODEREF"
        }
      ],
      "modifications": []
    }
  ]
}
