{
  "$schema": "https://raw.githubusercontent.com/etalab/format-commande-publique/master/schemas/json/paquet.json",
  "source": "data.gouv.fr_pes",
  "marches": [
    {
      "id": "201818N12000",
      "uid": "28310001400028201818N12000",
      "acheteur": {
        "id": "28310001400028",
        "nom": "Budget Principal"
      },
      "_type": "Marché",
      "nature": "Marché",
      "objet": "MAINTENANCE ET EVOLUTION DU SYSTEME DE GETION DE LA PHONIE DU SDIS31",
      "codeCPV": "50333200-0",
      "procedure": "Marché négocié sans publicité ni mise en concurrence préalable",
      "lieuExecution": {
        "code": "31149",
        "typeCode": "Code commune",
        "nom": "COLOMIERS"
      },
      "dureeMois": 48,
      "dateNotification": "2019-01-16+01:00",
      "datePublicationDonnees": "2019-01-18+01:00",
      "montant": 200499.52,
      "formePrix": "Révisable",
      "titulaires": [
        {
          "typeIdentifiant": "SIRET",
          "id": "51114733200015",
          "denominationSociale": "PRESCOM SAS"
        }
      ],
      "modifications": []
    }
  ]
}
