{
  "$schema": "https://raw.githubusercontent.com/etalab/format-commande-publique/master/schemas/json/paquet.json",
  "source": "data.gouv.fr_pes",
  "marches": [
    {
      "id": "2018000000000400",
      "uid": "244900809001162018000000000400",
      "acheteur": {
        "id": "24490080900116",
        "nom": "ANJOU BLEU COMMUNAUTE"
      },
      "_type": "Marché",
      "nature": "Marché",
      "objet": "Gestion des aires d'acceuil des gens du voyage",
      "codeCPV": "55221000-5",
      "procedure": "Appel d'offres ouvert",
      "lieuExecution": {
        "code": "49500",
        "typeCode": "Code postal",
        "nom": "SEGRE"
      },
      "dureeMois": 12,
      "dateNotification": "2018-10-23+02:00",
      "datePublicationDonnees": "2019-01-02+01:00",
      "montant": 55630,
      "formePrix": "Ferme",
      "titulaires": [
        {
          "typeIdentifiant": "SIRET",
          "id": "44918742600084",
          "denominationSociale": "SOCIETE DE GESTION DES AIRES D ACCUEIL"
        }
      ],
      "modifications": []
    }
  ]
}
