{
  "$schema": "https://raw.githubusercontent.com/etalab/format-commande-publique/master/schemas/json/paquet.json",
  "source": "data.gouv.fr_pes",
  "marches": [
    {
      "id": "2018KC0100",
      "uid": "214700015000162018KC0100",
      "acheteur": {
        "id": "21470001500016",
        "nom": "01 BUDGET PRINCIPAL"
      },
      "_type": "Marché",
      "nature": "Marché",
      "objet": "PATINOIRE 2018",
      "codeCPV": "92000000-1",
      "procedure": "Procédure adaptée",
      "lieuExecution": {
        "code": "47001",
        "typeCode": "Code commune",
        "nom": "AGEN"
      },
      "dureeMois": 2,
      "dateNotification": "2018-11-27+01:00",
      "datePublicationDonnees": "2018-10-18+02:00",
      "montant": 42000,
      "formePrix": "Ferme",
      "titulaires": [
        {
          "typeIdentifiant": "SIRET",
          "id": "51205319000025",
          "denominationSociale": "MULTISHOWS CONCEPTS"
        }
      ],
      "modifications": []
    }
  ]
}
