{
  "$schema": "https://raw.githubusercontent.com/etalab/format-commande-publique/master/schemas/json/paquet.json",
  "source": "data.gouv.fr_pes",
  "marches": [
    {
      "id": "2018CHARGEUSES00",
      "uid": "256601501000322018CHARGEUSES00",
      "acheteur": {
        "id": "25660150100032",
        "nom": "SYDETOM 66"
      },
      "_type": "Marché",
      "nature": "Marché",
      "objet": "LOCATION D'UNE CHARGEUSE SUR PNEUS TYPE 1",
      "codeCPV": "77111000-1",
      "procedure": "Appel d'offres ouvert",
      "lieuExecution": {
        "code": "66351",
        "typeCode": "Code postal",
        "nom": "Toulouges"
      },
      "dureeMois": 36,
      "dateNotification": "2018-10-16+02:00",
      "datePublicationDonnees": "2018-10-17+02:00",
      "montant": 148064.4,
      "formePrix": "Révisable",
      "titulaires": [
        {
          "typeIdentifiant": "SIRET",
          "id": "53030282700015",
          "denominationSociale": "MIDI LOCATION EQUIPEMENT"
        }
      ],
      "modifications": []
    }
  ]
}
