{
  "$schema": "https://raw.githubusercontent.com/etalab/format-commande-publique/master/schemas/json/paquet.json",
  "source": "data.gouv.fr_pes",
  "marches": [
    {
      "id": "2018170",
      "uid": "285900015000552018170",
      "acheteur": {
        "id": "28590001500055",
        "nom": "SDIS DU NORD - BUDGET PRINCIPA"
      },
      "_type": "Marché",
      "nature": "Accord-cadre",
      "objet": "ACQUISITION ET MAINTENANCE DE TENUES DE PLONGEE, DE MATERIELS DE PLONGEE SUBAQUATIQUES ET AQUATIQUES ET REQUALIFICATION DE BOUTEILLES DE PLONGEE; LOT 1 TENUES DE PLONGEE ACQUISITION MAINTENANCE ET FOURNITURES ASSOCIEES",
      "codeCPV": "37412240-3",
      "procedure": "Appel d'offres ouvert",
      "lieuExecution": {
        "code": "59",
        "typeCode": "Code département",
        "nom": "DEPARTEMENT DU NORD"
      },
      "dureeMois": 48,
      "dateNotification": "2018-10-29+01:00",
      "datePublicationDonnees": "2018-11-08+01:00",
      "montant": 360000,
      "formePrix": "Ferme",
      "titulaires": [
        {
          "typeIdentifiant": "SIRET",
          "id": "35330449600063",
          "denominationSociale": "SARL AQUAMANIA TOPSTAR"
        }
      ],
      "modifications": []
    },
    {
      "id": "2018245",
      "uid": "285900015000552018245",
      "acheteur": {
        "id": "28590001500055",
        "nom": "SDIS DU NORD - BUDGET PRINCIPA"
      },
      "_type": "Marché",
      "nature": "Accord-cadre",
      "objet": "ACCORDS CADRES A BONS DE COMMANDE POUR LE GROS ENTRETIEN ENTRETIEN COURANT ET AMELIORATION DU CADRE DE VIE SUR LE PATRIMOINE BATI DU SERVICE DEPARTEMENTAL INCENDIE ET DE SECOURS DU NORD LOT 09-2 CORPS ETAT PORTES INDUSTRIELLES - PORTAIL",
      "codeCPV": "45421131-1",
      "procedure": "Appel d'offres ouvert",
      "lieuExecution": {
        "code": "59",
        "typeCode": "Code département",
        "nom": "DEPARTEMENT DU NORD"
      },
      "dureeMois": 40,
      "dateNotification": "2018-10-25+02:00",
      "datePublicationDonnees": "2018-11-08+01:00",
      "montant": 596000,
      "formePrix": "Ferme",
      "titulaires": [
        {
          "typeIdentifiant": "SIRET",
          "id": "40748392400145",
          "denominationSociale": "SMF SERVICES"
        }
      ],
      "modifications": []
    },
    {
      "id": "2018172",
      "uid": "285900015000552018172",
      "acheteur": {
        "id": "28590001500055",
        "nom": "SDIS DU NORD - BUDGET PRINCIPA"
      },
      "_type": "Marché",
      "nature": "Accord-cadre",
      "objet": "ACQUISITION ET MAINTENANCE DE TENUES DE PLONGEE, DE MATERIELS DE PLONGEE SUBAQUATIQUES ET AQUATIQUES ET REQUALIFICATION DE BOUTEILLES DE PLONGEE  LOT 3 REQUALIFICATION DES BOUTEILLES PLONGEE",
      "codeCPV": "50000000-5",
      "procedure": "Appel d'offres ouvert",
      "lieuExecution": {
        "code": "59",
        "typeCode": "Code département",
        "nom": "DEPARTEMENT DU NORD"
      },
      "dureeMois": 48,
      "dateNotification": "2018-10-29+01:00",
      "datePublicationDonnees": "2018-11-08+01:00",
      "montant": 48000,
      "formePrix": "Ferme",
      "titulaires": [
        {
          "typeIdentifiant": "SIRET",
          "id": "37789429000016",
          "denominationSociale": "AIR PUR INDUSTRIE"
        }
      ],
      "modifications": []
    },
    {
      "id": "2018171",
      "uid": "285900015000552018171",
      "acheteur": {
        "id": "28590001500055",
        "nom": "SDIS DU NORD - BUDGET PRINCIPA"
      },
      "_type": "Marché",
      "nature": "Accord-cadre",
      "objet": "ACQUISITION ET MAINTENANCE DE TENUES DE PLONGEE, DE MATERIELS DE PLONGEE SUBAQUATIQUES ET AQUATIQUES ET REQUALIFICATION DE BOUTEILLES DE PLONGEE  LOT2 MATERIELS DE PLONGEE SUBAQUATIQUES ET AQUATIQUES ACQUISITION MAINTENANCE ET FOURNITURE ASSOCIEES",
      "codeCPV": "37412240-3",
      "procedure": "Appel d'offres ouvert",
      "lieuExecution": {
        "code": "59",
        "typeCode": "Code département",
        "nom": "DEPARTEMENT DU NORD"
      },
      "dureeMois": 48,
      "dateNotification": "2018-10-26+02:00",
      "datePublicationDonnees": "2018-11-08+01:00",
      "montant": 360000,
      "formePrix": "Ferme",
      "titulaires": [
        {
          "typeIdentifiant": "SIRET",
          "id": "52370093800013",
          "denominationSociale": "DIVEBOUTIK"
        }
      ],
      "modifications": []
    },
    {
      "id": "2018244",
      "uid": "285900015000552018244",
      "acheteur": {
        "id": "28590001500055",
        "nom": "SDIS DU NORD - BUDGET PRINCIPA"
      },
      "_type": "Marché",
      "nature": "Accord-cadre",
      "objet": "ACCORDS CADRES A BONS DE COMMANDE POUR LE GROS ENTRETIEN ENTRETIEN COURANT ET AMELIORATION DU CADRE DE VIE SUR LE PATRIMOINE BATI DU SERVICE DEPARTEMENTAL D&#8217;INCENDIE ET DE SECOURS DU NORD LOT 09-1 CORPS D&#8217;ETAT : 09 PORTES INDUSTRIELLES PORTAIL",
      "codeCPV": "45421131-1",
      "procedure": "Appel d'offres ouvert",
      "lieuExecution": {
        "code": "59",
        "typeCode": "Code département",
        "nom": "DEPARTEMENT DU NORD"
      },
      "dureeMois": 40,
      "dateNotification": "2018-10-25+02:00",
      "datePublicationDonnees": "2018-11-08+01:00",
      "montant": 644000,
      "formePrix": "Ferme",
      "titulaires": [
        {
          "typeIdentifiant": "SIRET",
          "id": "40748392400145",
          "denominationSociale": "SMF SERVICES"
        }
      ],
      "modifications": []
    }
  ]
}
