{
  "$schema": "https://raw.githubusercontent.com/etalab/format-commande-publique/master/schemas/json/paquet.json",
  "source": "data.gouv.fr_pes",
  "marches": [
    {
      "id": "2018-3900100",
      "uid": "219740040000152018-3900100",
      "acheteur": {
        "id": "21974004000015",
        "nom": "COMMUNE DE L ETANG SALE"
      },
      "_type": "Marché",
      "nature": "Marché",
      "objet": "M.O. AMENAGEMENT DU CHEMIN DU PUITS",
      "codeCPV": "71300000-1",
      "procedure": "Procédure adaptée",
      "lieuExecution": {
        "code": "97427",
        "typeCode": "Code postal",
        "nom": "ETANG-SALE"
      },
      "dureeMois": 1,
      "dateNotification": "2018-10-26+03:00",
      "datePublicationDonnees": "2019-01-24+03:00",
      "montant": 26076,
      "formePrix": "Ferme",
      "titulaires": [
        {
          "typeIdentifiant": "SIRET",
          "id": "41939750000028",
          "denominationSociale": "Bureau Etudes Conception Reunion"
        }
      ],
      "modifications": []
    }
  ]
}
