{
  "$schema": "https://raw.githubusercontent.com/etalab/format-commande-publique/master/schemas/json/paquet.json",
  "source": "data.gouv.fr_pes",
  "marches": [
    {
      "id": "2018J140200",
      "uid": "216901231000112018J140200",
      "acheteur": {
        "id": "21690123100011",
        "nom": "Ville de Lyon"
      },
      "_type": "Marché",
      "nature": "Marché",
      "objet": "Construction du décor de la création LA PLACE ROYALE au théâtre des Célestins",
      "codeCPV": "79421200-3",
      "procedure": "Procédure adaptée",
      "lieuExecution": {
        "code": "69123",
        "typeCode": "Code commune",
        "nom": "A Lyon"
      },
      "dureeMois": 8,
      "dateNotification": "2018-12-12+01:00",
      "datePublicationDonnees": "2018-12-31+01:00",
      "montant": 65200,
      "formePrix": "Ferme",
      "titulaires": [
        {
          "typeIdentifiant": "SIRET",
          "id": "48886199800018",
          "denominationSociale": "ALBAKA"
        }
      ],
      "modifications": []
    },
    {
      "id": "2018J1235A00",
      "uid": "216901231000112018J1235A00",
      "acheteur": {
        "id": "21690123100011",
        "nom": "Ville de Lyon"
      },
      "_type": "Marché",
      "nature": "Accord-cadre",
      "objet": "Maintenance préventive et corrective des portes et portails automatiques et maintenance corrective des équipements motorisés - Lot 1 : Rive droite (Secteurs Hôtel de Ville, 1er-2ème-4ème et 5ème-9ème arrondissements de Lyon)",
      "codeCPV": "50324100-3",
      "procedure": "Appel d'offres ouvert",
      "lieuExecution": {
        "code": "69123",
        "typeCode": "Code commune",
        "nom": "Bâtiments du patrimoine de la Ville de Lyon et du "
      },
      "dureeMois": 47,
      "dateNotification": "2018-11-13+01:00",
      "datePublicationDonnees": "2018-12-31+01:00",
      "montant": 200000,
      "formePrix": "Révisable",
      "titulaires": [
        {
          "typeIdentifiant": "SIRET",
          "id": "38487023400018",
          "denominationSociale": "COPAS SYSTEMES"
        }
      ],
      "modifications": []
    },
    {
      "id": "2018J148000",
      "uid": "216901231000112018J148000",
      "acheteur": {
        "id": "21690123100011",
        "nom": "Ville de Lyon"
      },
      "_type": "Marché",
      "nature": "Marché",
      "objet": "Achat du spectacle SCALA - Théâtre des Célestins",
      "codeCPV": "92320000-0",
      "procedure": "Marché négocié sans publicité ni mise en concurrence préalable",
      "lieuExecution": {
        "code": "69123",
        "typeCode": "Code commune",
        "nom": "Lyon"
      },
      "dureeMois": 6,
      "dateNotification": "2018-12-13+01:00",
      "datePublicationDonnees": "2018-12-31+01:00",
      "montant": 50746.8,
      "formePrix": "Ferme",
      "titulaires": [
        {
          "typeIdentifiant": "SIRET",
          "id": "80531899500034",
          "denominationSociale": "LES PETITES HEURES"
        }
      ],
      "modifications": []
    },
    {
      "id": "2018J1149A00",
      "uid": "216901231000112018J1149A00",
      "acheteur": {
        "id": "21690123100011",
        "nom": "Ville de Lyon"
      },
      "_type": "Marché",
      "nature": "Accord-cadre",
      "objet": "Fourniture de luminaires spécifiques nécessaires au maintien des installations d'éclairage du plan lumière de la Ville de Lyon - Projecteurs et pièces détachées adaptables à la gamme LUMINA",
      "codeCPV": "31518100-1",
      "procedure": "Appel d'offres ouvert",
      "lieuExecution": {
        "code": "69123",
        "typeCode": "Code postal",
        "nom": "A Lyon"
      },
      "dureeMois": 48,
      "dateNotification": "2018-10-15+02:00",
      "datePublicationDonnees": "2018-12-31+01:00",
      "montant": 171370,
      "formePrix": "Révisable",
      "titulaires": [
        {
          "typeIdentifiant": "SIRET",
          "id": "31539934500042",
          "denominationSociale": "ABAK"
        }
      ],
      "modifications": []
    },
    {
      "id": "2018J1236A00",
      "uid": "216901231000112018J1236A00",
      "acheteur": {
        "id": "21690123100011",
        "nom": "Ville de Lyon"
      },
      "_type": "Marché",
      "nature": "Accord-cadre",
      "objet": "Maintenance préventive et corrective des portes et portails automatiques et maintenance corrective des équipements motorisés - Lot 2 : Rive gauche (Secteurs 3ème-6ème et 7ème-8ème)",
      "codeCPV": "50324100-3",
      "procedure": "Appel d'offres ouvert",
      "lieuExecution": {
        "code": "69123",
        "typeCode": "Code commune",
        "nom": "Bâtiments du patrimoine de la Ville de Lyon et du "
      },
      "dureeMois": 47,
      "dateNotification": "2018-11-12+01:00",
      "datePublicationDonnees": "2018-12-31+01:00",
      "montant": 240000,
      "formePrix": "Révisable",
      "titulaires": [
        {
          "typeIdentifiant": "SIRET",
          "id": "39196072100044",
          "denominationSociale": "ARES- SAS"
        }
      ],
      "modifications": []
    },
    {
      "id": "2018J1253A00",
      "uid": "216901231000112018J1253A00",
      "acheteur": {
        "id": "21690123100011",
        "nom": "Ville de Lyon"
      },
      "_type": "Marché",
      "nature": "Accord-cadre",
      "objet": "Formation des agents à l'utilisation des extincteurs",
      "codeCPV": "80330000-6",
      "procedure": "Procédure adaptée",
      "lieuExecution": {
        "code": "69123",
        "typeCode": "Code commune",
        "nom": "A Lyon"
      },
      "dureeMois": 48,
      "dateNotification": "2018-12-18+01:00",
      "datePublicationDonnees": "2018-12-31+01:00",
      "montant": 100000,
      "formePrix": "Révisable",
      "titulaires": [
        {
          "typeIdentifiant": "SIRET",
          "id": "79338142700020",
          "denominationSociale": "EVINCEL"
        }
      ],
      "modifications": []
    },
    {
      "id": "2018J1200A00",
      "uid": "216901231000112018J1200A00",
      "acheteur": {
        "id": "21690123100011",
        "nom": "Ville de Lyon"
      },
      "_type": "Marché",
      "nature": "Accord-cadre",
      "objet": "Prises de vue d'oeuvres d?art des collections du Musée des beaux-arts de la Ville de Lyon",
      "codeCPV": "79961000-8",
      "procedure": "Procédure adaptée",
      "lieuExecution": {
        "code": "69123",
        "typeCode": "Code commune",
        "nom": "A Lyon"
      },
      "dureeMois": 36,
      "dateNotification": "2018-11-13+01:00",
      "datePublicationDonnees": "2018-12-31+01:00",
      "montant": 90000,
      "formePrix": "Révisable",
      "titulaires": [
        {
          "typeIdentifiant": "SIRET",
          "id": "44482441100029",
          "denominationSociale": "MARTIAL COUDERETTE"
        }
      ],
      "modifications": []
    },
    {
      "id": "2018J148100",
      "uid": "216901231000112018J148100",
      "acheteur": {
        "id": "21690123100011",
        "nom": "Ville de Lyon"
      },
      "_type": "Marché",
      "nature": "Marché",
      "objet": "Achat du spectacle LE FAISEUR DE THEATRE - Théâtre des Célestins",
      "codeCPV": "92320000-0",
      "procedure": "Marché négocié sans publicité ni mise en concurrence préalable",
      "lieuExecution": {
        "code": "69123",
        "typeCode": "Code commune",
        "nom": "Lyon"
      },
      "dureeMois": 6,
      "dateNotification": "2018-12-13+01:00",
      "datePublicationDonnees": "2018-12-31+01:00",
      "montant": 51769.6,
      "formePrix": "Ferme",
      "titulaires": [
        {
          "typeIdentifiant": "SIRET",
          "id": "51959758700038",
          "denominationSociale": "SCENES ET CITES"
        }
      ],
      "modifications": []
    },
    {
      "id": "2018J114600",
      "uid": "216901231000112018J114600",
      "acheteur": {
        "id": "21690123100011",
        "nom": "Ville de Lyon"
      },
      "_type": "Marché",
      "nature": "Marché",
      "objet": "Extension de la vidéo protection des espaces publics Mermoz Nord Lyon 8ème",
      "codeCPV": "35125300-2",
      "procedure": "Appel d'offres ouvert",
      "lieuExecution": {
        "code": "69123",
        "typeCode": "Code commune",
        "nom": "A Lyon"
      },
      "dureeMois": 18,
      "dateNotification": "2018-11-16+01:00",
      "datePublicationDonnees": "2018-12-31+01:00",
      "montant": 129909.71,
      "formePrix": "Révisable",
      "titulaires": [
        {
          "typeIdentifiant": "SIRET",
          "id": "43190395400029",
          "denominationSociale": "SERFIM TIC"
        }
      ],
      "modifications": []
    }
  ]
}
