{
  "$schema": "https://raw.githubusercontent.com/etalab/format-commande-publique/master/schemas/json/paquet.json",
  "source": "data.gouv.fr_pes",
  "marches": [
    {
      "id": "2018S-REPASCRE",
      "uid": "200066884000122018S-REPASCRE",
      "acheteur": {
        "id": "20006688400012",
        "nom": "COMMUNAUTE DE COMMUNES QUERCY VERT AVE"
      },
      "_type": "Marché",
      "nature": "Accord-cadre",
      "objet": "REPAS CUISINES PR MULTI ACCUEILS NEGRE ET ST ETIENNE",
      "codeCPV": "15894200-3",
      "procedure": "Procédure adaptée",
      "lieuExecution": {
        "code": "82800",
        "typeCode": "Code postal",
        "nom": "NEGREPELISSE"
      },
      "dureeMois": 48,
      "dateNotification": "2018-09-03+02:00",
      "datePublicationDonnees": "2018-11-15+01:00",
      "montant": 0,
      "formePrix": "Ferme",
      "titulaires": [
        {
          "typeIdentifiant": "SIRET",
          "id": "77571202900088",
          "denominationSociale": "ADAPEI 82 ESAT JEAN CARRIO"
        }
      ],
      "modifications": []
    }
  ]
}
