{
  "$schema": "https://raw.githubusercontent.com/etalab/format-commande-publique/master/schemas/json/paquet.json",
  "source": "data.gouv.fr_pes",
  "marches": [
    {
      "id": "2018MF1800006",
      "uid": "219740032000122018MF1800006",
      "acheteur": {
        "id": "21974003200012",
        "nom": "Ville de OCII"
      },
      "_type": "Marché",
      "nature": "Marché",
      "objet": "FOURNITURE D'UNE PELLE HYDRAULIQUE POUR LES SERVICES TECHNIQUES",
      "codeCPV": "44511120-2",
      "procedure": "Procédure adaptée",
      "lieuExecution": {
        "code": "97414",
        "typeCode": "Code postal",
        "nom": "ENTRE DEUX"
      },
      "dureeMois": 12,
      "dateNotification": "2018-10-18+03:00",
      "datePublicationDonnees": "2018-11-19+03:00",
      "montant": 208000,
      "formePrix": "Ferme",
      "titulaires": [
        {
          "typeIdentifiant": "SIRET",
          "id": "32225993800064",
          "denominationSociale": "SAS SCIME"
        }
      ],
      "modifications": []
    }
  ]
}
