{
  "$schema": "https://raw.githubusercontent.com/etalab/format-commande-publique/master/schemas/json/paquet.json",
  "source": "data.gouv.fr_pes",
  "marches": [
    {
      "id": "2018J1319A00",
      "uid": "216901231000112018J1319A00",
      "acheteur": {
        "id": "21690123100011",
        "nom": "Ville de Lyon"
      },
      "_type": "Marché",
      "nature": "Accord-cadre",
      "objet": "Réalisation du magazine Reflets-Lot 01: Rédaction du magazine Reflets",
      "codeCPV": "79800000-2",
      "procedure": "Procédure adaptée",
      "lieuExecution": {
        "code": "69123",
        "typeCode": "Code commune",
        "nom": "A Lyon"
      },
      "dureeMois": 48,
      "dateNotification": "2018-12-25+01:00",
      "datePublicationDonnees": "2019-01-18+01:00",
      "montant": 104000,
      "formePrix": "Révisable",
      "titulaires": [
        {
          "typeIdentifiant": "SIRET",
          "id": "44897038400039",
          "denominationSociale": "MARQUE ET SENS"
        }
      ],
      "modifications": []
    },
    {
      "id": "2018J1320A00",
      "uid": "216901231000112018J1320A00",
      "acheteur": {
        "id": "21690123100011",
        "nom": "Ville de Lyon"
      },
      "_type": "Marché",
      "nature": "Accord-cadre",
      "objet": "Réalisation du magazine Reflets-Lot 02: Mise en page du magazine Reflets",
      "codeCPV": "79800000-2",
      "procedure": "Procédure adaptée",
      "lieuExecution": {
        "code": "69123",
        "typeCode": "Code commune",
        "nom": "A Lyon"
      },
      "dureeMois": 48,
      "dateNotification": "2018-12-25+01:00",
      "datePublicationDonnees": "2019-01-18+01:00",
      "montant": 60000,
      "formePrix": "Révisable",
      "titulaires": [
        {
          "typeIdentifiant": "SIRET",
          "id": "41218027500031",
          "denominationSociale": "MICRO 5 LYON"
        }
      ],
      "modifications": []
    },
    {
      "id": "2018J1123A00",
      "uid": "216901231000112018J1123A00",
      "acheteur": {
        "id": "21690123100011",
        "nom": "Ville de Lyon"
      },
      "_type": "Marché",
      "nature": "Accord-cadre",
      "objet": "Accord-cadre de travaux sur le Patrimoine des secteurs 5-9 et rive droite- Lot 14 : Courants faibles",
      "codeCPV": "45314000-1",
      "procedure": "Appel d'offres ouvert",
      "lieuExecution": {
        "code": "69123",
        "typeCode": "Code commune",
        "nom": "A Lyon"
      },
      "dureeMois": 48,
      "dateNotification": "2018-11-23+01:00",
      "datePublicationDonnees": "2019-01-18+01:00",
      "montant": 995264,
      "formePrix": "Révisable",
      "titulaires": [
        {
          "typeIdentifiant": "SIRET",
          "id": "53870002200154",
          "denominationSociale": "SPIE FACILITIES DO SUD EST"
        }
      ],
      "modifications": []
    },
    {
      "id": "2018J138200",
      "uid": "216901231000112018J138200",
      "acheteur": {
        "id": "21690123100011",
        "nom": "Ville de Lyon"
      },
      "_type": "Marché",
      "nature": "Marché",
      "objet": "Transport et installation d'oeuvres (sculptures et reliefs) de la Fondation Venet (Le Muy) au Musée d'Art Contemporain de Lyon",
      "codeCPV": "60100000-9",
      "procedure": "Marché négocié sans publicité ni mise en concurrence préalable",
      "lieuExecution": {
        "code": "69123",
        "typeCode": "Code commune",
        "nom": "Lyon"
      },
      "dureeMois": 6,
      "dateNotification": "2018-11-18+01:00",
      "datePublicationDonnees": "2019-01-18+01:00",
      "montant": 53500,
      "formePrix": "Ferme",
      "titulaires": [
        {
          "typeIdentifiant": "SIRET",
          "id": "51164041900012",
          "denominationSociale": "ART TRANSPORT - SERVICES GARRONE"
        }
      ],
      "modifications": []
    },
    {
      "id": "2018J1122A00",
      "uid": "216901231000112018J1122A00",
      "acheteur": {
        "id": "21690123100011",
        "nom": "Ville de Lyon"
      },
      "_type": "Marché",
      "nature": "Accord-cadre",
      "objet": "Accord-cadre de travaux sur le Patrimoine des secteurs 5-9 et rive droite- Lot 13 : Clôtures",
      "codeCPV": "45340000-2",
      "procedure": "Appel d'offres ouvert",
      "lieuExecution": {
        "code": "69123",
        "typeCode": "Code commune",
        "nom": "A Lyon"
      },
      "dureeMois": 48,
      "dateNotification": "2018-11-23+01:00",
      "datePublicationDonnees": "2019-01-18+01:00",
      "montant": 289752,
      "formePrix": "Révisable",
      "titulaires": [
        {
          "typeIdentifiant": "SIRET",
          "id": "32504095400043",
          "denominationSociale": "CHAZAL"
        }
      ],
      "modifications": []
    },
    {
      "id": "2018J1128A00",
      "uid": "216901231000112018J1128A00",
      "acheteur": {
        "id": "21690123100011",
        "nom": "Ville de Lyon"
      },
      "_type": "Marché",
      "nature": "Accord-cadre",
      "objet": "Accord-cadre de travaux sur le Patrimoine des secteurs 5-9 et rive droite-Lot 19-Vidange-Curage-Secteur Rive Droite",
      "codeCPV": "90460000-9",
      "procedure": "Appel d'offres ouvert",
      "lieuExecution": {
        "code": "69123",
        "typeCode": "Code commune",
        "nom": "A Lyon"
      },
      "dureeMois": 48,
      "dateNotification": "2018-12-27+01:00",
      "datePublicationDonnees": "2019-01-18+01:00",
      "montant": 359828,
      "formePrix": "Révisable",
      "titulaires": [
        {
          "typeIdentifiant": "SIRET",
          "id": "32426523000031",
          "denominationSociale": "LTC-SAS"
        }
      ],
      "modifications": []
    },
    {
      "id": "2018J1129A00",
      "uid": "216901231000112018J1129A00",
      "acheteur": {
        "id": "21690123100011",
        "nom": "Ville de Lyon"
      },
      "_type": "Marché",
      "nature": "Accord-cadre",
      "objet": "Accord-cadre de travaux sur le Patrimoine des secteurs 5-9 et rive droite-Lot 20-Protection incendie secteur rive droite",
      "codeCPV": "35111000-5",
      "procedure": "Appel d'offres ouvert",
      "lieuExecution": {
        "code": "69123",
        "typeCode": "Code commune",
        "nom": "A Lyon"
      },
      "dureeMois": 48,
      "dateNotification": "2018-12-27+01:00",
      "datePublicationDonnees": "2019-01-18+01:00",
      "montant": 234656,
      "formePrix": "Révisable",
      "titulaires": [
        {
          "typeIdentifiant": "SIRET",
          "id": "95550398200014",
          "denominationSociale": "DESAUTEL "
        }
      ],
      "modifications": []
    },
    {
      "id": "2018J1130A00",
      "uid": "216901231000112018J1130A00",
      "acheteur": {
        "id": "21690123100011",
        "nom": "Ville de Lyon"
      },
      "_type": "Marché",
      "nature": "Accord-cadre",
      "objet": "Accord-cadre de travaux sur le Patrimoine des secteurs 5-9 et rive droite-Lot 21-Nettoyage après Travaux-secteur rive droite",
      "codeCPV": "90911200-8",
      "procedure": "Appel d'offres ouvert",
      "lieuExecution": {
        "code": "69123",
        "typeCode": "Code commune",
        "nom": "A Lyon"
      },
      "dureeMois": 48,
      "dateNotification": "2018-12-27+01:00",
      "datePublicationDonnees": "2019-01-18+01:00",
      "montant": 458520,
      "formePrix": "Révisable",
      "titulaires": [
        {
          "typeIdentifiant": "SIRET",
          "id": "48249150300033",
          "denominationSociale": "GARIC EURL"
        }
      ],
      "modifications": []
    }
  ]
}
