{
  "$schema": "https://raw.githubusercontent.com/etalab/format-commande-publique/master/schemas/json/paquet.json",
  "source": "data.gouv.fr_pes",
  "marches": [
    {
      "id": "2018S07800",
      "uid": "224700013004242018S07800",
      "acheteur": {
        "id": "22470001300424",
        "nom": "DEPARTEMENT 47"
      },
      "_type": "Marché",
      "nature": "Marché",
      "objet": "MAINTENANCE ACQUISITION ET PRESTATIONS SUR LES SYSTEMES DE TELEPHONIE ET DE RESEAU INFORMATIQUE",
      "codeCPV": "50334110-9",
      "procedure": "Procédure adaptée",
      "lieuExecution": {
        "code": "47",
        "typeCode": "Code département",
        "nom": "Département Lot-et-Garonne"
      },
      "dureeMois": 48,
      "dateNotification": "2018-12-14+01:00",
      "datePublicationDonnees": "2019-01-25+01:00",
      "montant": 600000,
      "formePrix": "Ferme",
      "titulaires": [
        {
          "typeIdentifiant": "SIRET",
          "id": "81193436300516",
          "denominationSociale": "NXO FRANCE"
        }
      ],
      "modifications": []
    }
  ]
}
