{
  "$schema": "https://raw.githubusercontent.com/etalab/format-commande-publique/master/schemas/json/paquet.json",
  "source": "data.gouv.fr_pes",
  "marches": [
    {
      "id": "2018J1118A00",
      "uid": "216901231000112018J1118A00",
      "acheteur": {
        "id": "21690123100011",
        "nom": "Ville de Lyon"
      },
      "_type": "Marché",
      "nature": "Accord-cadre",
      "objet": "Accord-cadre de travaux sur le Patrimoine des secteurs 5-9 et rive droite - Lot 9 : Cours Voirie et Réseaux Divers (VRD)",
      "codeCPV": "45233142-6",
      "procedure": "Appel d'offres ouvert",
      "lieuExecution": {
        "code": "69123",
        "typeCode": "Code commune",
        "nom": "A Lyon"
      },
      "dureeMois": 48,
      "dateNotification": "2018-11-26+01:00",
      "datePublicationDonnees": "2019-01-09+01:00",
      "montant": 1355208,
      "formePrix": "Révisable",
      "titulaires": [
        {
          "typeIdentifiant": "SIRET",
          "id": "56213603600836",
          "denominationSociale": "RAZEL-BEC - Auvergne-Rhône-Alpes"
        }
      ],
      "modifications": []
    },
    {
      "id": "2018J1114A00",
      "uid": "216901231000112018J1114A00",
      "acheteur": {
        "id": "21690123100011",
        "nom": "Ville de Lyon"
      },
      "_type": "Marché",
      "nature": "Accord-cadre",
      "objet": "Accord-cadre de travaux sur le Patrimoine des secteurs 5-9 et rive droite-Lot n°5-Electricité",
      "codeCPV": "50711000-2",
      "procedure": "Appel d'offres ouvert",
      "lieuExecution": {
        "code": "69123",
        "typeCode": "Code commune",
        "nom": "A Lyon"
      },
      "dureeMois": 48,
      "dateNotification": "2018-11-23+01:00",
      "datePublicationDonnees": "2019-01-09+01:00",
      "montant": 1862844,
      "formePrix": "Révisable",
      "titulaires": [
        {
          "typeIdentifiant": "SIRET",
          "id": "53870002200154",
          "denominationSociale": "SPIE FACILITIES DO SUD EST"
        }
      ],
      "modifications": []
    },
    {
      "id": "2018J1112A00",
      "uid": "216901231000112018J1112A00",
      "acheteur": {
        "id": "21690123100011",
        "nom": "Ville de Lyon"
      },
      "_type": "Marché",
      "nature": "Accord-cadre",
      "objet": "Accord-cadre de travaux sur le Patrimoine des secteurs 5-9 et rive droite-Lot n°3-Menuiserie",
      "codeCPV": "45421000-4",
      "procedure": "Appel d'offres ouvert",
      "lieuExecution": {
        "code": "69123",
        "typeCode": "Code commune",
        "nom": "A Lyon"
      },
      "dureeMois": 48,
      "dateNotification": "2018-11-26+01:00",
      "datePublicationDonnees": "2019-01-09+01:00",
      "montant": 1478576,
      "formePrix": "Révisable",
      "titulaires": [
        {
          "typeIdentifiant": "SIRET",
          "id": "33237770400041",
          "denominationSociale": "LES METIERS DU BOIS"
        }
      ],
      "modifications": []
    },
    {
      "id": "2018J1113A00",
      "uid": "216901231000112018J1113A00",
      "acheteur": {
        "id": "21690123100011",
        "nom": "Ville de Lyon"
      },
      "_type": "Marché",
      "nature": "Accord-cadre",
      "objet": "Accord-cadre de travaux sur le Patrimoine des secteurs 5-9 et rive droite-Lot n°4-Plomberie-VMC",
      "codeCPV": "45330000-9",
      "procedure": "Appel d'offres ouvert",
      "lieuExecution": {
        "code": "69123",
        "typeCode": "Code commune",
        "nom": "A Lyon"
      },
      "dureeMois": 48,
      "dateNotification": "2018-11-23+01:00",
      "datePublicationDonnees": "2019-01-09+01:00",
      "montant": 772156,
      "formePrix": "Révisable",
      "titulaires": [
        {
          "typeIdentifiant": "SIRET",
          "id": "53870002200154",
          "denominationSociale": "SPIE FACILITIES DO SUD EST"
        }
      ],
      "modifications": []
    },
    {
      "id": "2018J1115A00",
      "uid": "216901231000112018J1115A00",
      "acheteur": {
        "id": "21690123100011",
        "nom": "Ville de Lyon"
      },
      "_type": "Marché",
      "nature": "Accord-cadre",
      "objet": "Accord-cadre de travaux sur le Patrimoine des secteurs 5-9 et rive droite- Lot 6 : Charpente - Couverture - Zinguerie",
      "codeCPV": "45261000-4",
      "procedure": "Appel d'offres ouvert",
      "lieuExecution": {
        "code": "69123",
        "typeCode": "Code commune",
        "nom": "A Lyon"
      },
      "dureeMois": 48,
      "dateNotification": "2018-11-23+01:00",
      "datePublicationDonnees": "2019-01-09+01:00",
      "montant": 331296,
      "formePrix": "Révisable",
      "titulaires": [
        {
          "typeIdentifiant": "SIRET",
          "id": "33298785800047",
          "denominationSociale": "BOURGEOIS SAS"
        }
      ],
      "modifications": []
    },
    {
      "id": "2018J1116A00",
      "uid": "216901231000112018J1116A00",
      "acheteur": {
        "id": "21690123100011",
        "nom": "Ville de Lyon"
      },
      "_type": "Marché",
      "nature": "Accord-cadre",
      "objet": "Accord-cadre de travaux sur le Patrimoine des secteurs 5-9 et rive droite- Lot 7 : Serrurerie - Métallerie",
      "codeCPV": "98395000-8",
      "procedure": "Appel d'offres ouvert",
      "lieuExecution": {
        "code": "69123",
        "typeCode": "Code commune",
        "nom": "A Lyon"
      },
      "dureeMois": 48,
      "dateNotification": "2018-11-23+01:00",
      "datePublicationDonnees": "2019-01-09+01:00",
      "montant": 1285444,
      "formePrix": "Révisable",
      "titulaires": [
        {
          "typeIdentifiant": "SIRET",
          "id": "37898933900023",
          "denominationSociale": "S2P"
        }
      ],
      "modifications": []
    }
  ]
}
