{
  "$schema": "https://raw.githubusercontent.com/etalab/format-commande-publique/master/schemas/json/paquet.json",
  "source": "data.gouv.fr_pes",
  "marches": [
    {
      "id": "2018MATINFO*0400",
      "uid": "212403406000112018MATINFO*0400",
      "acheteur": {
        "id": "21240340600011",
        "nom": "COMMUNE DE PRIGONRIEUX"
      },
      "_type": "Marché",
      "nature": "Marché",
      "objet": "ACHATS DE MATERIELS INFORMATIQUES - LOT 4 CHARIOTS POUR CLASSES MOBILES",
      "codeCPV": "30200000-1",
      "procedure": "Procédure adaptée",
      "lieuExecution": {
        "code": "24130",
        "typeCode": "Code postal",
        "nom": "Prigonrieux"
      },
      "dureeMois": 12,
      "dateNotification": "2018-12-14+01:00",
      "datePublicationDonnees": "2019-01-10+01:00",
      "montant": 30000,
      "formePrix": "Ferme",
      "titulaires": [
        {
          "typeIdentifiant": "SIRET",
          "id": "51372581200038",
          "denominationSociale": "ELIA"
        }
      ],
      "modifications": []
    },
    {
      "id": "2018BUSGOUMOER00",
      "uid": "212403406000112018BUSGOUMOER00",
      "acheteur": {
        "id": "21240340600011",
        "nom": "COMMUNE DE PRIGONRIEUX"
      },
      "_type": "Marché",
      "nature": "Marché",
      "objet": "MOE REHABILITATION BUSAGE GOUYNE",
      "codeCPV": "71330000-0",
      "procedure": "Procédure adaptée",
      "lieuExecution": {
        "code": "24130",
        "typeCode": "Code postal",
        "nom": "Prigonrieux"
      },
      "dureeMois": 12,
      "dateNotification": "2018-12-21+01:00",
      "datePublicationDonnees": "2019-01-10+01:00",
      "montant": 130000,
      "formePrix": "Ferme",
      "titulaires": [
        {
          "typeIdentifiant": "SIRET",
          "id": "43874653900040",
          "denominationSociale": "ADVICE INGENIERIE"
        }
      ],
      "modifications": []
    }
  ]
}
