{
  "$schema": "https://raw.githubusercontent.com/etalab/format-commande-publique/master/schemas/json/paquet.json",
  "source": "data.gouv.fr_pes",
  "marches": [
    {
      "id": "2018MAPA062/0200",
      "uid": "200030708000162018MAPA062/0200",
      "acheteur": {
        "id": "20003070800016",
        "nom": "GROUPE EPHESE"
      },
      "_type": "Marché",
      "nature": "Marché",
      "objet": "Charpente, couverture en bacs acier, étancheité, bardage",
      "codeCPV": "45211350-7",
      "procedure": "Procédure adaptée",
      "lieuExecution": {
        "code": "02350",
        "typeCode": "Code postal",
        "nom": "Liesse-Notre-Dame"
      },
      "dureeMois": 8,
      "dateNotification": "2018-08-30+02:00",
      "datePublicationDonnees": "2019-01-22+01:00",
      "montant": 410500,
      "formePrix": "Ferme",
      "titulaires": [
        {
          "typeIdentifiant": "SIRET",
          "id": "49037669600012",
          "denominationSociale": "ACMT INDUSTRIE"
        }
      ],
      "modifications": []
    }
  ]
}
