{
  "$schema": "https://raw.githubusercontent.com/etalab/format-commande-publique/master/schemas/json/paquet.json",
  "source": "data.gouv.fr_pes",
  "marches": [
    {
      "id": "201818-270006500",
      "uid": "21350051500019201818-270006500",
      "acheteur": {
        "id": "21350051500019",
        "nom": "Ville de Cesson-Sévigné"
      },
      "_type": "Marché",
      "nature": "Accord-cadre",
      "objet": "MAINTENANCE DES TRIBUNES DU CARRE SEVIGNE",
      "codeCPV": "50712000-9",
      "procedure": "Procédure adaptée",
      "lieuExecution": {
        "code": "35517",
        "typeCode": "Code postal",
        "nom": "CESSON SEVIGNE CEDEX"
      },
      "dureeMois": 48,
      "dateNotification": "2018-12-13+01:00",
      "datePublicationDonnees": "2018-12-20+01:00",
      "montant": 127592,
      "formePrix": "Révisable",
      "titulaires": [
        {
          "typeIdentifiant": "SIRET",
          "id": "45352461300024",
          "denominationSociale": "MASTER INDUSTRIE"
        }
      ],
      "modifications": []
    }
  ]
}
