{
  "$schema": "https://raw.githubusercontent.com/etalab/format-commande-publique/master/schemas/json/paquet.json",
  "source": "data.gouv.fr_pes",
  "marches": [
    {
      "id": "2018MAS18101",
      "uid": "218903870000102018MAS18101",
      "acheteur": {
        "id": "21890387000010",
        "nom": "VILLE DE SENS"
      },
      "_type": "Marché",
      "nature": "Marché",
      "objet": "CREATION D'UNE VERRIERE ESPACE CULTUREL SAVINIEN A SENS",
      "codeCPV": "45421140-7",
      "procedure": "Procédure adaptée",
      "lieuExecution": {
        "code": "69100",
        "typeCode": "Code postal",
        "nom": "SENS"
      },
      "dureeMois": 2,
      "dateNotification": "2018-08-27+02:00",
      "datePublicationDonnees": "2018-11-06+01:00",
      "montant": 126122.56,
      "formePrix": "Ferme",
      "titulaires": [
        {
          "typeIdentifiant": "SIRET",
          "id": "48809251100010",
          "denominationSociale": "EDA - ECLAIREMENT DESENFUMAGE AERATION"
        }
      ],
      "modifications": []
    }
  ]
}
