{
  "$schema": "https://raw.githubusercontent.com/etalab/format-commande-publique/master/schemas/json/paquet.json",
  "source": "data.gouv.fr_pes",
  "marches": [
    {
      "id": "2018214400",
      "uid": "219740156000192018214400",
      "acheteur": {
        "id": "21974015600019",
        "nom": "BUDG.PRINC. VILLE DE SAINT PAUL"
      },
      "_type": "Marché",
      "nature": "Accord-cadre",
      "objet": "VEHICULE NEUF LEGER 5 PORTES VP GASOIL - VEHICULE NEUF LEGER 5 PORTES VP GASOIL",
      "codeCPV": "34100000-8",
      "procedure": "Appel d'offres ouvert",
      "lieuExecution": {
        "code": "97460",
        "typeCode": "Code postal",
        "nom": "SAINT PAUL"
      },
      "dureeMois": 60,
      "dateNotification": "2018-11-06+03:00",
      "datePublicationDonnees": "2018-11-14+03:00",
      "montant": 410799.5,
      "formePrix": "Ferme",
      "titulaires": [
        {
          "typeIdentifiant": "SIRET",
          "id": "47967345100023",
          "denominationSociale": "AUTOMOBILES REUNION"
        }
      ],
      "modifications": []
    },
    {
      "id": "2018195100",
      "uid": "219740156000192018195100",
      "acheteur": {
        "id": "21974015600019",
        "nom": "BUDG.PRINC. VILLE DE SAINT PAUL"
      },
      "_type": "Marché",
      "nature": "Marché",
      "objet": "ECOLE JASMIN ROBERT VRD  - ECOLE JASMIN ROBERT VRD ",
      "codeCPV": "45210000-2",
      "procedure": "Procédure adaptée",
      "lieuExecution": {
        "code": "97460",
        "typeCode": "Code postal",
        "nom": "SAINT PAUL"
      },
      "dureeMois": 12,
      "dateNotification": "2018-11-05+03:00",
      "datePublicationDonnees": "2018-12-06+03:00",
      "montant": 323992,
      "formePrix": "Ferme",
      "titulaires": [
        {
          "typeIdentifiant": "SIRET",
          "id": "39363456300026",
          "denominationSociale": "BUFFI SATP"
        }
      ],
      "modifications": []
    },
    {
      "id": "2018186100",
      "uid": "219740156000192018186100",
      "acheteur": {
        "id": "21974015600019",
        "nom": "BUDG.PRINC. VILLE DE SAINT PAUL"
      },
      "_type": "Marché",
      "nature": "Accord-cadre",
      "objet": "PHOTOCOPIEURS COULEUR A4/A3 PPM - PHOTOCOPIEURS COULEUR A4/A3 PPM",
      "codeCPV": "30121100-4",
      "procedure": "Appel d'offres ouvert",
      "lieuExecution": {
        "code": "97460",
        "typeCode": "Code postal",
        "nom": "SAINT PAUL"
      },
      "dureeMois": 48,
      "dateNotification": "2018-10-12+03:00",
      "datePublicationDonnees": "2018-10-30+03:00",
      "montant": 120000,
      "formePrix": "Ferme",
      "titulaires": [
        {
          "typeIdentifiant": "SIRET",
          "id": "43895564300020",
          "denominationSociale": "SARL SRB"
        }
      ],
      "modifications": []
    },
    {
      "id": "2018215600",
      "uid": "219740156000192018215600",
      "acheteur": {
        "id": "21974015600019",
        "nom": "BUDG.PRINC. VILLE DE SAINT PAUL"
      },
      "_type": "Marché",
      "nature": "Accord-cadre",
      "objet": "VEHICULE LEGER ELECTRIQUE - VEHICULE LEGER ELECTRIQUE",
      "codeCPV": "34100000-8",
      "procedure": "Appel d'offres ouvert",
      "lieuExecution": {
        "code": "97460",
        "typeCode": "Code postal",
        "nom": "SAINT PAUL"
      },
      "dureeMois": 60,
      "dateNotification": "2018-11-06+03:00",
      "datePublicationDonnees": "2018-11-19+03:00",
      "montant": 308419.3,
      "formePrix": "Ferme",
      "titulaires": [
        {
          "typeIdentifiant": "SIRET",
          "id": "47967345100023",
          "denominationSociale": "AUTOMOBILES REUNION"
        }
      ],
      "modifications": []
    },
    {
      "id": "2018184100",
      "uid": "219740156000192018184100",
      "acheteur": {
        "id": "21974015600019",
        "nom": "BUDG.PRINC. VILLE DE SAINT PAUL"
      },
      "_type": "Marché",
      "nature": "Marché",
      "objet": "DESAMIANTAGE - DESAMIANTAGE",
      "codeCPV": "45262660-5",
      "procedure": "Procédure adaptée",
      "lieuExecution": {
        "code": "97460",
        "typeCode": "Code postal",
        "nom": "SAINT PAUL"
      },
      "dureeMois": 10,
      "dateNotification": "2018-10-02+03:00",
      "datePublicationDonnees": "2018-10-26+03:00",
      "montant": 87146,
      "formePrix": "Ferme",
      "titulaires": [
        {
          "typeIdentifiant": "SIRET",
          "id": "79805150400016",
          "denominationSociale": "EPMSL"
        }
      ],
      "modifications": []
    },
    {
      "id": "2018213200",
      "uid": "219740156000192018213200",
      "acheteur": {
        "id": "21974015600019",
        "nom": "BUDG.PRINC. VILLE DE SAINT PAUL"
      },
      "_type": "Marché",
      "nature": "Accord-cadre",
      "objet": "FOURGON NEUF TOLE - FOURGON NEUF TOLE",
      "codeCPV": "34100000-8",
      "procedure": "Appel d'offres ouvert",
      "lieuExecution": {
        "code": "97460",
        "typeCode": "Code postal",
        "nom": "SAINT PAUL"
      },
      "dureeMois": 60,
      "dateNotification": "2018-11-06+03:00",
      "datePublicationDonnees": "2018-11-14+03:00",
      "montant": 124077.5,
      "formePrix": "Ferme",
      "titulaires": [
        {
          "typeIdentifiant": "SIRET",
          "id": "47967345100023",
          "denominationSociale": "AUTOMOBILES REUNION"
        }
      ],
      "modifications": []
    },
    {
      "id": "2018189200",
      "uid": "219740156000192018189200",
      "acheteur": {
        "id": "21974015600019",
        "nom": "BUDG.PRINC. VILLE DE SAINT PAUL"
      },
      "_type": "Marché",
      "nature": "Marché",
      "objet": "DECONSTRUCTION CENTRE SOCIOCULTUREL BDN - DECONSTRUCTION CENTRE SOCIOCULTUREL BDN",
      "codeCPV": "45111100-9",
      "procedure": "Procédure adaptée",
      "lieuExecution": {
        "code": "97460",
        "typeCode": "Code postal",
        "nom": "SAINT PAUL"
      },
      "dureeMois": 12,
      "dateNotification": "2018-10-11+03:00",
      "datePublicationDonnees": "2018-10-31+03:00",
      "montant": 127450,
      "formePrix": "Ferme",
      "titulaires": [
        {
          "typeIdentifiant": "SIRET",
          "id": "79019894900014",
          "denominationSociale": "SUD TERRASSEMENT"
        }
      ],
      "modifications": []
    },
    {
      "id": "2018211100",
      "uid": "219740156000192018211100",
      "acheteur": {
        "id": "21974015600019",
        "nom": "BUDG.PRINC. VILLE DE SAINT PAUL"
      },
      "_type": "Marché",
      "nature": "Accord-cadre",
      "objet": "PETIT UTILITAIRE TOLE - PETIT UTILITAIRE TOLE",
      "codeCPV": "34100000-8",
      "procedure": "Appel d'offres ouvert",
      "lieuExecution": {
        "code": "97460",
        "typeCode": "Code postal",
        "nom": "SAINT PAUL"
      },
      "dureeMois": 60,
      "dateNotification": "2018-11-06+03:00",
      "datePublicationDonnees": "2018-11-12+03:00",
      "montant": 293764.95,
      "formePrix": "Ferme",
      "titulaires": [
        {
          "typeIdentifiant": "SIRET",
          "id": "39958274100027",
          "denominationSociale": "JULES CAILLE AUTO"
        }
      ],
      "modifications": []
    },
    {
      "id": "2018197300",
      "uid": "219740156000192018197300",
      "acheteur": {
        "id": "21974015600019",
        "nom": "BUDG.PRINC. VILLE DE SAINT PAUL"
      },
      "_type": "Marché",
      "nature": "Marché",
      "objet": "ECOLE JASMIN ROBERT CHARPENTE COUVERTURE - ECOLE JASMIN ROBERT CHARPENTE COUVERTURE",
      "codeCPV": "45210000-2",
      "procedure": "Procédure adaptée",
      "lieuExecution": {
        "code": "97460",
        "typeCode": "Code postal",
        "nom": "SAINT PAUL"
      },
      "dureeMois": 12,
      "dateNotification": "2018-11-05+03:00",
      "datePublicationDonnees": "2018-12-10+03:00",
      "montant": 43871.1,
      "formePrix": "Ferme",
      "titulaires": [
        {
          "typeIdentifiant": "SIRET",
          "id": "49047124000013",
          "denominationSociale": "PG ROBERT"
        }
      ],
      "modifications": []
    },
    {
      "id": "2018212300",
      "uid": "219740156000192018212300",
      "acheteur": {
        "id": "21974015600019",
        "nom": "BUDG.PRINC. VILLE DE SAINT PAUL"
      },
      "_type": "Marché",
      "nature": "Accord-cadre",
      "objet": "ACQ DOUBLE CABINE BENNE 3.5 T - ACQ DOUBLE CABINE BENNE 3.5 T",
      "codeCPV": "34100000-8",
      "procedure": "Appel d'offres ouvert",
      "lieuExecution": {
        "code": "97460",
        "typeCode": "Code postal",
        "nom": "SAINT PAUL"
      },
      "dureeMois": 60,
      "dateNotification": "2018-11-06+03:00",
      "datePublicationDonnees": "2018-11-14+03:00",
      "montant": 434881.92,
      "formePrix": "Ferme",
      "titulaires": [
        {
          "typeIdentifiant": "SIRET",
          "id": "39958274100027",
          "denominationSociale": "JULES CAILLE AUTO"
        }
      ],
      "modifications": []
    },
    {
      "id": "2018198400",
      "uid": "219740156000192018198400",
      "acheteur": {
        "id": "21974015600019",
        "nom": "BUDG.PRINC. VILLE DE SAINT PAUL"
      },
      "_type": "Marché",
      "nature": "Marché",
      "objet": "ECOLE PRIMAIRE JASMIN ROBERT ETANCHEITE - ECOLE PRIMAIRE JASMIN ROBERT ETANCHEITE",
      "codeCPV": "45210000-2",
      "procedure": "Procédure adaptée",
      "lieuExecution": {
        "code": "97460",
        "typeCode": "Code postal",
        "nom": "SAINT PAUL"
      },
      "dureeMois": 12,
      "dateNotification": "2018-11-05+03:00",
      "datePublicationDonnees": "2018-12-06+03:00",
      "montant": 74566,
      "formePrix": "Ferme",
      "titulaires": [
        {
          "typeIdentifiant": "SIRET",
          "id": "80312120100013",
          "denominationSociale": "A2N"
        }
      ],
      "modifications": []
    },
    {
      "id": "2018199500",
      "uid": "219740156000192018199500",
      "acheteur": {
        "id": "21974015600019",
        "nom": "BUDG.PRINC. VILLE DE SAINT PAUL"
      },
      "_type": "Marché",
      "nature": "Marché",
      "objet": "ECOLE JASMIN ROBERT MENUISERIE METALLERIE - ECOLE JASMIN ROBERT MENUISERIE METALLERIE",
      "codeCPV": "45210000-2",
      "procedure": "Procédure adaptée",
      "lieuExecution": {
        "code": "97460",
        "typeCode": "Code postal",
        "nom": "SAINT PAUL"
      },
      "dureeMois": 12,
      "dateNotification": "2018-11-09+03:00",
      "datePublicationDonnees": "2018-12-11+03:00",
      "montant": 144020,
      "formePrix": "Ferme",
      "titulaires": [
        {
          "typeIdentifiant": "SIRET",
          "id": "44323006500015",
          "denominationSociale": "HP ALUMINIUM"
        }
      ],
      "modifications": []
    },
    {
      "id": "201819200",
      "uid": "21974015600019201819200",
      "acheteur": {
        "id": "21974015600019",
        "nom": "BUDG.PRINC. VILLE DE SAINT PAUL"
      },
      "_type": "Marché",
      "nature": "Marché",
      "objet": "TVX AMGNT AIRES DE JEUX ET ESPACES PHYSIQUE EXT",
      "codeCPV": "45112500-0",
      "procedure": "Procédure adaptée",
      "lieuExecution": {
        "code": "97460",
        "typeCode": "Code postal",
        "nom": "SAINT PAUL"
      },
      "dureeMois": 8,
      "dateNotification": "2018-10-22+03:00",
      "datePublicationDonnees": "2018-12-06+03:00",
      "montant": 31968,
      "formePrix": "Ferme",
      "titulaires": [
        {
          "typeIdentifiant": "SIRET",
          "id": "50377717900022",
          "denominationSociale": "TOM PLAYER"
        }
      ],
      "modifications": []
    },
    {
      "id": "2018188300",
      "uid": "219740156000192018188300",
      "acheteur": {
        "id": "21974015600019",
        "nom": "BUDG.PRINC. VILLE DE SAINT PAUL"
      },
      "_type": "Marché",
      "nature": "Accord-cadre",
      "objet": "PHOTOCOPIEURS NOIRS ET BLANC A4 35 PPM - PHOTOCOPIEURS NOIRS ET BLANC A4 35 PPM",
      "codeCPV": "30121100-4",
      "procedure": "Appel d'offres ouvert",
      "lieuExecution": {
        "code": "97460",
        "typeCode": "Code postal",
        "nom": "SAINT PAUL"
      },
      "dureeMois": 48,
      "dateNotification": "2018-10-22+03:00",
      "datePublicationDonnees": "2018-10-30+03:00",
      "montant": 80000,
      "formePrix": "Ferme",
      "titulaires": [
        {
          "typeIdentifiant": "SIRET",
          "id": "39774349300058",
          "denominationSociale": "DISTRIBUR SARL"
        }
      ],
      "modifications": []
    },
    {
      "id": "2018187200",
      "uid": "219740156000192018187200",
      "acheteur": {
        "id": "21974015600019",
        "nom": "BUDG.PRINC. VILLE DE SAINT PAUL"
      },
      "_type": "Marché",
      "nature": "Accord-cadre",
      "objet": "PHOTOCOPIEURS NOIRS A4/A3 30PPM - PHOTOCOPIEURS NOIRS A4/A3 30PPM",
      "codeCPV": "30121100-4",
      "procedure": "Appel d'offres ouvert",
      "lieuExecution": {
        "code": "97460",
        "typeCode": "Code postal",
        "nom": "SAINT PAUL"
      },
      "dureeMois": 48,
      "dateNotification": "2018-10-22+03:00",
      "datePublicationDonnees": "2018-10-30+03:00",
      "montant": 80000,
      "formePrix": "Ferme",
      "titulaires": [
        {
          "typeIdentifiant": "SIRET",
          "id": "39774349300058",
          "denominationSociale": "DISTRIBUR SARL"
        }
      ],
      "modifications": []
    }
  ]
}
