{
  "$schema": "https://raw.githubusercontent.com/etalab/format-commande-publique/master/schemas/json/paquet.json",
  "source": "data.gouv.fr_pes",
  "marches": [
    {
      "id": "2018J1215A",
      "uid": "216901231000112018J1215A",
      "acheteur": {
        "id": "21690123100011",
        "nom": "Ville de Lyon"
      },
      "_type": "Marché",
      "nature": "Accord-cadre",
      "objet": "Conception du graphisme et suivi de fabrication des documents de communication du  Musée de l?imprimerie et de la communication graphique.",
      "codeCPV": "79822500-7",
      "procedure": "Procédure adaptée",
      "lieuExecution": {
        "code": "69123",
        "typeCode": "Code commune",
        "nom": "A Lyon"
      },
      "dureeMois": 36,
      "dateNotification": "2018-10-01+02:00",
      "datePublicationDonnees": "2018-10-09+02:00",
      "montant": 75000,
      "formePrix": "Révisable",
      "titulaires": [
        {
          "typeIdentifiant": "SIRET",
          "id": "52258043000026",
          "denominationSociale": "BUREAU 205"
        }
      ],
      "modifications": []
    }
  ]
}
